Текст_отзыва,theme,Рейтинг
"Redmi Смартфон Note 14 8/128GB Ростест (EAC) 8/128 ГБ, черный || Сложно сказать что то новое о телефоне на который уже выпущены десятки обзоров, поэтому просто поделюсь своими впечатлениями.
Из положительных:
1 Есть разъём под наушники
2 отличные снимки для своей ценовой категории и есть макрокамера
3 зарядка очень шустрая
4 чехол и защитное стекло в комплекте 
5 датчик отпечатка пальца встроен в дисплей
6 Есть ИК... || Телефон отличный ,пришел быстро,за 2 дня,коробка целая,пленка тонкая наклеена, чехол - в комплекте.
Камера за свои деньги имеет адекватное качество. 
Цвет очень приятный вживую лучше ,чем в карточке товара.
В общем и целом думаю будет нормально,до этого 3 года ходил с ноут11 - всё устраивало.",камера,4.9
"Tecno Смартфон POVA 7 5G Ростест (EAC) 8/128 ГБ, серебристый || Очень хороший телефон! Цвет просто вау) камера отличная и большой яркий экран. Зарядку держит долго и хорошо. || Первое впечатление хорошее. Посмотрим в деле",камера,4.9
"vivo Смартфон Y04s Ростест (EAC) 4/256 ГБ, зеленый || Прекрасный смартфон - недорогой и качественный... Легко запустился, быстро установил все необходимые приложения, причем помогал интеллектуальный помощник, рекомендовал иные приложения, с чем-то соглашался, с чем-то нет... Предложил скачать всё со старого смартфона... Баиарея действительно хрошая... Теоефон очень мне понравился, я им доволен, теперь... || купила телефон мужу он довольный пришло 27 ноября посмотрим как послужит дальше добавлю если какие-то будут недочёты в телефоне а вообще всё устраивает громкая мелодия всё своё уже закачали Так что пока всё устраивает спасибо большое",производительность,4.9
"Redmi Смартфон Redmi Note 14 Pro+ NFC Smartphone 6200mAh Battery Russian OS Google Family,Новейшая серия Redmi CN 16/512 ГБ, черный || все понравилось, пришло раньше срока, хорошо запаковано. заряд держит второй день. фото нормальные памяти много. спасибо || Я в восторге.Все настроила прекрасно работает! Всё пришло в отличном состоянии.Спасибо продавцу!",камера,4.9
"realme Смартфон Note 60X Ростест (EAC) 3/64 ГБ, зеленый || Ожидал полный шлак, но пришел вполне нормальный телефон, как за свою цену, конечно. Выполняет задачу, под которую приобретен. Подтормаживает, бывает, не критично. Матрица так себе: в солнцезащитных поляризационных очках, если держать его как обычно, вертикально, дисплей темнеет наглухо, повернуть и норм, первый раз такое вижу, обычно наоборот бывает... || Отличный товар , купил Отцу взамен старого . Его устраивает вполне",экран,4.9
"Tecno Смартфон SPARK 40 Ростест (EAC) 8/256 ГБ, серебристый || С первого взгляда хороший телефон,посмотрим как будет себя вести) брали в подарок) || Хороший телефон. Купил в подарок. Доставка быстрая,в комплекте бампер хорошего качества. На экране уже наклеена гидрогелевая защитная плёнка. Заявленным характеристикам всё соответствует.",экран,4.9
"HUAWEI Смартфон nova 14 Pro 12ГБ + 512ГБ Белый Ростест (EAC) 12/512 ГБ, белый || Начну немного издалека.
Уже не в том возрасте, чтобы захватывало дух из-за нового телефона. От него нужно просто чтобы: - ну и далее по списку. Сидел года 4 на Huawei P30 pro - просто из-за того, что нужен был android auto, другие - более свежие - телефоны huawei его не позволяли, а это - мог. Но будучи в очередной раз в одном из магазинов техники узнал... || Отличный сервис. Все пришло вовремя. Гаджет полностью соответствует всем заявленным характеристикам.",прочее,4.9
"Honor Смартфон HONOR Magic7 Ростест (EAC) 12/256 ГБ, серый || Все отлично. Пришел запечатанный, зовнилка от гугла, запись звонков с уведомлением, аккум был заряжен на 40%. Обновился до мейджик 10 в ручную. Уведомление о новой ОС почему-то не пришло. А так все норм. || Телефон пришёл запечатанный. Новый ,оригинальный! пока всё нравится! Спасибо продавцу! рекомендую!",прочее,4.9
"Восстановленный Apple Смартфон iPhone 7 Plus 128 ГБ || Пользователь предпочёл скрыть свои данные || Вообще телефон прикольный,были проблемы с входом на аккаунт но там всего надо поменять кое что ,сам по себе он очень красивый и мне достался красного цвета,всё совпало ,немного греется в обычных задачах но это вполне нормально для телефона которому практически 10 лет ,что расстроило это очень долгая доставка ,ну ещё и чехол д***** полное но это пофиг...",прочее,4.2
"Apple Смартфон iPhone 16 Plus EU 8/128 ГБ, розовый || Доехал быстро, доставка была с 4-го по 10-тое декабря 
Приехал 4-го 
Минус один коробка немного грязная ,но в глаза не бросается 
Сразу пришлось установить 26-той iOS 
Работает отлично ,серийный номер пробивается 
Спасибо ❤️
Позже дополню || Перешла с айфона 13 на этот, радости нет предела , очень благодарна продавцу, оригинал , все супер , не добавить , не прибавить , все на высшем уровне!",производительность,5.0
"Poco Смартфон POCO X7 Global 12/512 ГБ, серебристый || Очень порадовал смарт. Быстрый и шустрый - результат ниже на скринах. Скругление на экране штука стильная, но собирает много пыли. Камера за эти деньги вполне неплохо - снимок почти без освещения. || Пользователь предпочёл скрыть свои данные",камера,4.9
"realme Смартфон realme P3 Ростест (EAC) 12/256 ГБ, зеленый, бирюзовый || Решил остаться с Реалми после трагического расставания с GT Master Edition. Первые впечатления испортила родная пленка на экране. Заляпалась в момент, поэтому надо сразу ее менять на что-то более олеофобное. Так в целом сначала были разочарования, но потом, когда все данные перенеслись из облака, все блютусы соединились сами как надо, мне стало нравится... || Телефон хороший,удобный. Камеры средние,всё-таки бюджетник.Игры тянет на средних настройках. В комплекте зарядка,шнур,чехол,скрепка и плёнка на экране.",экран,4.9
"HUAWEI Смартфон Nova Y63 6/128 ГБ, черный || Телефон пришёл в заводской упаковке, изготовлен в апреле 2025 г.работает. || Обычный смартфон за свои деньги, есть все что необходимо, в том числе бесконтактная оплата и геолокация. Мощности хватает для обыденных задач. Самый главный плюс что нет Google сервисов!",прочее,5.0
"Poco Смартфон POCO M7 Pro 5G Ростест (EAC) 8/256 ГБ, зеленый || Смартфон Poco M7 Pro 5G 8/256 ГБ полностью оправдал свои ожидания, и даже с мог удивить в приятном отношении, тем самым, добавив неожиданно несколько жирных плюсов в его оценке. Данный смартфон в светлом фиолетовом исполнении удобно лежит в руке, и выглядит очень даже привлекательно в реальности, а не только на картинке. При получении покупки в пункте... || я счастлива. модель оправдала себя. рекомендую всем. не тяжёлый, компактный, много памяти. чехол в комплекте. спасибо огромное продавцу, озону",прочее,4.9
"iQOO Смартфон Neo 10 Ростест (EAC) 16/512 ГБ, красный, оранжевый || Отличный телефон по отличной цене. Качественный экран. Быстрая оболочка. Материалы корпуса простые, но качественные. Сборка на отлично. В комплектации всё что нужно для жизни. Огромной емкости батарея. ""Дорогой"" вибротклик. Камеру хотелось бы по лучше, но за эту цену терпимо. Могу рекомендовать к приобретению. || Первые впечатления положительные 👍 Работает шустро 👍 Экран чёткий,сенсор работает отлично.Как будет работать дальше время покажет.Пока всё тип топ 👍 Доставка вовремя,продавца рекомендую.Всем спасибо",батарея,4.9
"Infinix Смартфон GT 30 Pro Ростест (EAC) 12/256 ГБ, белый || телефон отличный, работает достойно, без всяких лагов. к покупке очень прям даже рекомендую. отдельное спасибо за транспортировачную упаковку, была на высоте. упакованно было на совесть в воздушную пленку😃 не мятин, ни царапин всё в заводской упаковки || Телефон пришел чуть с задержкой на 4 дня, но это уже в РФ задерживался.
Это уже второй infinix у меня, предыдущий отслужил 2 года и до сих пор служит как второй телефон для работы, этот в использовании 2 недели, по батареи лично мне после infinix note 12 2023, показалось как то слабовато, предыдущему два года, и они как то одинаково держат заряд как...",батарея,4.9
"Samsung Смартфон Galaxy S25 Ultra 5G Ростест (EAC) 12/512 ГБ, черный || Пользователь предпочёл скрыть свои данные || Отличный смартфон, очень долго выбирала, решалась и наконец, заказала, очень переживала, что это мой первый смартфон, который купила на маркетплейсе. Всё пришло хорошо упакованное, пломбы на месте. Телефон очень шустрый, камера отличная, много классных фишек, я довольна на 1000%. Перенос данных с samsung на samsung достаточно быстрый и удобный. В комплекте...",камера,4.9
"Apple Смартфон iPhone 16 - SIM+eSIM (новый, не активирован, Face Time работает, eSIM поддерживается) - Global 128 ГБ, белый || >Плюсы:
Смартфон действительно ощущается быстрым и шустрым. Новый чип A18 даёт запас мощности: всё работает плавно, нет лагов ни в повседневных задачах, ни в более тяжёлых — играх, монтаже, переключениях между приложениями. 
Камера даёт хорошие фото — особенно при нормальном свете. Основной 48 МП модуль справляется красиво, можно снимать удачные кадры... || Самая дорогая покупка на озон, очень волновалась. Продавец отвечал в чате и в вопросах своевременно.
С телефоном все ок, полностью оригинал, цена была самая низкая.",камера,5.0
"Телефон пришёл быстро) Летает. фото огонь. есть чехол и бочек) || громкий, фото норм, динамик один, на старом сяоми два было, пока нравится, сразу идёт с защитной плёнкой || Покупал на замену Poco X4 GT под обычные потребности (видеозвонки, коммуникация, чутка съёмка)

Стоковая камера неплохая. При открытии на retina-дисплее фото остаются чёткими. Gcam ещё не ставил, но на тематических форумах примеры фото впечатляют. Свои примеры не прикрепляю - озон пережимает",камера,4.9
"realme Смартфон 15 Ростест (EAC) 12/256 ГБ, розовый || Достойный смартфон за свои деньги! Порадовал AMOLED‑дисплей с частотой 144 Гц: картинка плавная и яркая, даже на солнце всё хорошо видно. Камера на 50 Мп делает чёткие снимки при любом освещении, особенно удаются портреты. Аккумулятор на 7000 мА·ч — просто монстр: хватает на день‑два активной работы, а зарядка на 80 Вт наполняет батарею за час. Производительность... || Телефон дочери очень понравился, симпатичный.",камера,4.7
"Tecno Смартфон SPARK 40C Ростест (EAC) 8/128 ГБ, белый || В руке лежит хорошо, удобно. Пока не пользовались. || Телефон пришел в запаянной упаковке. В комплект вошли: телефон, зарядное устройство, гарантийный талон, инструкция, паспорт, иголочка для симки.
Работает быстро, никаких проблем не обнаружено. Камера вполне достойная, даже панорама. В игры не играю, поэтому ничего сказать не могу.
Общее впечатление для бюджетного телефона - отличное.Продавца рекомендую...",камера,4.9
"Samsung Смартфон Galaxy S25 FE Ростест (EAC) 8/512 ГБ, синий || отличный телефон. по сравнению с а71 ваще пушка. || Оригинал. Всё отлично. Берите смело. Рекомендую.",прочее,8.0
"Смартфон CAMON 40 Pro CN 12/512 ГБ, черно-серый || отлично . телефон работает отлично нареканий нет .пришло раньше чем предполагал, спасибо продавцу рекомендую 👍, отдельное спасибо за подарок рекомендую ‼️👍 || Клиентская служба работает быстро и эффективно, обслуживание отличное!Я уже много раз делала покупки в этом магазине, и он действительно стал моим любимым! Качество товаров надежное, соотношение цены и качества очень высокое, очень выгодно.",производительность,4.0
"Смартфон Reaime Note50X русская версия, сеть 4g, большой 6.8-дюймовый HD-экран, противоударная и водонепроницаемая защита, мощные игровые функции, гибкие возможности фотосъемки, длительное время автономной работы, отличный подарок, сенсорный телефон,Spark,M11,Ростест (EAC) EU 12/512 ГБ, бежевый, белый || ""Пишу отзыв спустя пару дней использования
Данный смартфон пришел на смену моему OnePlus 9r, который прослужил мне 4 года.
Попользовавшись им в течении 5 дней пишу небольшой обзор на него.
Этот смартфон действительно заслуживает внимания, и вот почему:

Дизайн и сборка
это образец современного дизайна. Корпус выполнен из премиальных материалов, таких... || телефон пришел вовремя,визуально все нормально.Спасибо",камера,4.9
"realme Смартфон 14T Ростест (EAC) 8/256 ГБ, черный || Телефон пришел в коробке в заводской упаковке. внутри все, как в описании. Спасибо большое. Все работает || Товар пришёл в цельной упаковке без повреждений. На задней стороне упаковки есть описание на русском языке. Комплектация соответствует описанию, всё целое. Телефон пришёл с заряженной до 25% батареей, что позволило сразу проверить рабочее состояние. Пока нареканий нет, посмотрим как покажет в работе.",батарея,4.9
"Oukitel Смартфон WP55 PRO 5G/120Hz, Android 15, 11000mAh, NFC/Двойная разблокировка 16/512 ГБ || товар хороший,быстрая доставка,полет нормальный || пришел без повреждений, настроил быстро, некоторые моменты на английском(но это не мешает мне)... приятен, удобен, быстр... рекомендую этого продавца...
и да, пришел он раньше, чем обещали...",производительность,4.9
"Samsung Смартфон Galaxy S24 FE Global 8/128 ГБ, темно-серый || Купил жене S24FE 256 Gb. Цвет мята. Отличный смарт. Доставка из Эмиратов 2 недели. Приехал в срок. Произведён в Индии. Наши SIM увидел сразу, связь и мобильный интернет отличные. Проблем с настройками не было. Все в автомате перенеслось со старого Сяоми. После китайской поделки Самсунг великолепен. Зарядку держит 2 дня, это если сидеть в инете. В игры... || Доброго время суток… телефон-огонь( понравился, брал на подарок ), доставка- супер (раньше сорока)",прочее,4.8
"realme Смартфон 15T Ростест (EAC) 12/256 ГБ, белый || Телефон хороший, яркость экрана на высоком, телефон работает бытсро || впечатления отличное, работает отлично, заряд держит 2 дня при использовании практически весь день. покупкой довольна . рекомендую",экран,4.6
"VEDYARTI Смартфон I15 Pro Max Ростест (EAC) 8/256 ГБ, темно-синий || заказал золотой пришло х кокой.и нету наушников.хотя в комплекте они должны быть проводные.продовец компицацию зделал.огромное спасибо. || всё супер,полностью соответствует описанию, дочка довольна счастлива мама🤣😁😊рекомендую всем 👍",прочее,4.4
"Xiaomi Смартфон Смартфон Xiaomi Redmi Note 14 с глобальной версией NFC MediaTek Helio G99-Ultra поддерживает русский язык 8/256 ГБ, темно-серый || Благодарочка,телефон пришёл за 12 дней, все приложения перелетели со старого телефона, всё установилось,обновился до последней версии, всё работает летает,нфс работает,вообще всё супер.Благодарю, рекомендую к покупке у данного продавца. || Покупкой доволен.Пришло быстро.Упаковано было отлично,параметры соответствуют описанию.Летает .Не тормозит,не виснет.За такие деньги!Просто 🔥!",производительность,4.9
"Xiaomi Смартфон POCO M7 Pro 5G глобальная версия, поддержка русского языка, Google Play, NFC Global 12/512 ГБ, черный матовый || Пользователь предпочёл скрыть свои данные || хорошо упаковано, доставили в срок, оригинал телефон.",прочее,4.9
"iQOO Смартфон Z10 Lite Ростест (EAC) 8/256 ГБ, зеленый || уже второй берем, быстрый и с хорошей камерой. нравится) || Пользователь предпочёл скрыть свои данные",производительность,4.9
"OPPO Смартфон Reno13 F Ростест (EAC) 8/256 ГБ, серый || при хорошем освещении,съёмка нормальная,но при покупке понимала,что камера не вау ,а средняя,но не плохая. можно под себя настроить некоторые функции. интересная функция ии,как и писали ранее на редактирование ии качество фотографий выезжает ,приобрела его так как в ценовом сегменте с таким объёмом памяти это замечательный выбор,съемку под водой ещё... || себе брала ф14, я в захвате, а сыну 13ф, тоже самое всем советую",камера,4.0
"Xiaomi Смартфон Redmi 14C CN 8/256 ГБ, черный || Пользователь предпочёл скрыть свои данные || Товар получили в срок, упаковка заводская. В комплекте китайская зарядка с переходником. Заряда хватает на 1 день :(
Работает шустро, не тормозит, не лагает. Качество снимков чуть выше среднего. В принципе, за такую цену неплохой смартфон",производительность,4.8
"VEDYARTI Смартфон Ростест (EAC) 8/256 ГБ, темно-синий || Телефон держала больше двух недель, пишу полный отзыв о телефоне. В комплекте чехол, броня, наушники, блок и зарядка, и ещё положили мини подарок держатель для телефона. Сперва первый час использование нагревался телефон, но это нормально если он и правда новый. Зарядку держит на день и ещё на второй день хватает. Телефон не глючик робатает на все 100%... || Телефон в подарок ребенку,за такую цену не ожидали,вауууу.Куплен для звонков и школьных приложений для учёбы.Если же вы хотите,ваааааууу,то рассматривайте другу ценовую категорию и фирму.",прочее,4.4
"Benco Смартфон V91s Plus, security phone,Без камеры, без GPS,Защита информационной безопасности，Protect information security，No camera, No GPS 6/128 ГБ, белый || Шикарный аппарат, батареи хватает на долго, изображение качественное. || Прекрасный смартфон. Очень понравился. Для режимных объектов самое то,что надо.Рекомендую!!",батарея,4.9
"realme Смартфон Note 60X Ростест (EAC) 4/128 ГБ, черный || Ожидал полный шлак, но пришел вполне нормальный телефон, как за свою цену, конечно. Выполняет задачу, под которую приобретен. Подтормаживает, бывает, не критично. Матрица так себе: в солнцезащитных поляризационных очках, если держать его как обычно, вертикально, дисплей темнеет наглухо, повернуть и норм, первый раз такое вижу, обычно наоборот бывает... || Отличный товар , купил Отцу взамен старого . Его устраивает вполне",экран,4.9
"Google Смартфон Pixel 8a 8/128 ГБ, черный || телефон пришел в целости. на вид новый, не восстановленный. если будут недочеты/проблемы с телефоном- дополню отзыв. 
продавцу спасибо за оперативность. телефон пришел за 10 дней. || мой первый пиксель. впечатления только положительные: аппарат шустрый, выглядит отлично, залогинился в свой аккаунт без проблем. отзыв дополню после того как основательно изучу аппарат",прочее,5.0
"Samsung Смартфон Galaxy S25+ 5G Ростест (EAC) 12/256 ГБ, серый || Отличный смартфон с большой батарейкой, скорость работы процессора высокая, приложения открываются быстро, не лагает
Корпус не сильно большой, предыдущий А12 оказался внешне почти таким же по габаритам, в кармане помещается легко
По экранному времени получается примерно 8 часов работы
Экран четкий, фуллхд+ разрешение, есть 120 гц || Отличный смартфон, покупал в подарок — впечатления самые положительные

Покупал Samsung Galaxy S25+ в подарок, поэтому очень переживал за качество и соответствие описанию. Телефон приехал быстро, упаковка была целая, без вскрытий, всё запечатано так, как должно быть у нового устройства. Снаружи — идеальное состояние, экран и корпус без единой царапины...",батарея,4.9
"Samsung Смартфон Samsung Galaxy A16 4G NFC, тройная камера 50 Мп, 6,7 "" Дисплей Super AMOLED с частотой 90 Гц, батарея емкостью 5000 мАч, Водонепроницаемый IP54 8/256 ГБ, черно-серый || пришёл товар в хорошем состоянии. на вид все устраивает. работает чётко, без всяких проблем. || Телефон отличный 👍 Продавца рекомендую!",камера,4.9
"Redmi Смартфон Redmi Note 14 Ростест (EAC) 6/128 ГБ, черный || Пришёл на день раньше, за что отдельное спасибо. Заводская упаковка не нарушена.
Телефон вполне нормальный в соотношении цена-качество. Для обычных задач хороший вариант. || пока что меня все устраивает по соотношению цены и качества, для бюджетного аппарата телефон отличный",прочее,4.8
"Xiaomi Смартфон Redmi 15 Ростест (EAC) 8/256 ГБ, черный || Телефон понравился, зарядка быстрая 35 W, что очень важно. Ёмкость аккумулятора 7000мАч, будет долго держать заряд. Камеры неплохие. Пришёл достаточно быстро, хорошо упакован, всё аккуратно. || всей семьёй пользуемся телефонами xiaomi redmi. в этот раз обновили телефон дочери данной моделью редми 13. камера хорошая, яркие чёткие фотографии, яркий экран, легкий по весу (некоторые модели тяжёлые). в комплекте есть чехол силиконовый, зарядка быстрая, и наклеена транспортировочная пленка. все быстро настроили. пришёл в срок.",камера,4.9
"SmartX Смартфон Ростест (EAC) 4/128 ГБ, серый металлик || ну пока все нормально,установила то,что мне нужно именно на этом телефоне,он предназначен только для использования дома по вай-фай.Пока устанавливала три приложения чуть нагрелся. || хорошо упакован, все целое. Очень приятно когда все ожидания приходят в реальности и действительности по факту.",прочее,4.2
"Samsung Смартфон Galaxy A16 Global 8/256 ГБ, черный || Буду дарить отцу на новый год. Упаковали хорошо, в пупырчатую пленку. Позже дополню || Пользователь предпочёл скрыть свои данные",прочее,4.9
"realme Смартфон P3 5G Ростест (EAC) 8/256 ГБ, серый || Очень понравился
 телефон!
Спасибо!!!
Рекомендую к покупке!!! || Пользователь предпочёл скрыть свои данные",прочее,4.9
"Восстановленный Samsung Смартфон Galaxy A20 / 2 SIM Ростест (EAC) 3/32 ГБ, черный || Телефон купил не себе, человек доволен всё работает прекрасно 👍👍👍👍👍🌟🌟🌟🌟🌟 самсунг сам по себе хороший надёжный телефон находится в салхановом пакетике идёт в комплекте стекло защитное Так что комплект очень хороший || запустила. работает. чехла нет в комплекте. имейте ввиду. заказывайте сразу. стекло наклеила. задняя крышка немного с царапина, но это на работу не влияет. все равно под чехлом.",прочее,4.6
"Смартфон CAMON40pro Смартфон, противоударный на Android 14 Ростест (EAC) 12/512 ГБ,большой памяти HD CN 12/512 ГБ, хаки, черный матовый || Мобильный телефон - супер мобильный телефон. Привезли его моему СЫНУ. У него игра непростая. Все в норме. Сбоев не будет. Обновление сделано быстро. Экран отличный. Я заказал этот для своего второго СЫНА. Спасибо производителю за ответственную работу, качество, цена, и спасибо сотрудникам OZON за добросовестность и быструю ДОСТАВКУ. Все в порядке. Я... || Достоинства:симпатичный телефон, хорошо работает, не висит. зарядки при нормальном использовании хватает на 2 дня. очень довольна. надеюсь на долгую службу.",экран,4.9
"Xiaomi Смартфон Redmi 13 6/128 ГБ, розовый || Телефон брали по акции на подарок пожилому человеку. За свои деньги отличный! Полный комплект. Пришел во время, характеристикам соответствует. Надеюсь, прослужит долго. || Телефон просто супер.Покупала сыну,накачал в телефон много игр всё работает.Экран чёткий,яркий,звук отличный,камера снимает хорошо.",камера,4.9
"realme Смартфон C75 Ростест (EAC) 8/128 ГБ, черный || Брал телефон для пожилого родственника, первые впечатления. Дополню отзыв через пару месяцев.
Достоинства:
Отличная автономность: Аккумулятор 5828 мАч. Телефон должен уверенно держать заряд 1.5 при умеренном пользовании.
Быстрая зарядка: Поддержка 45Вт. Заряжается с нуля до приемлемого уровня буквально за полчаса.
Хорошая защита корпуса (IP69): По идее... || хороший телефон,покупал маме в подарок пользуется уже пол года,полет нормальный.И падал и мыли под краном все выдержал без проблем",батарея,4.9
"Poco Смартфон POCO M7 Pro 5G Dimensity 7025-Ультра 6,67-дюймовый AMOLED-дисплей емкостью 5110 мАч 12/512 ГБ, серебристый || Упаковка целая. Коробку не вскрывали, так как куплено в подарок. Доставка за 11 дней, пришло раньше указанного срока. || Пользователь предпочёл скрыть свои данные",экран,4.9
"отличный аппарат ,правда уже успели уронить и попасть на замену экрана) || телефон пришёл в полном комплекте, защитное стекло, чехол. спасибо || очень хороший смартфон. Внук в восторге, камера просто супер, рекомендую",камера,4.8
"Honor Смартфон X7c Ростест (EAC) 6/128 ГБ, зеленый || Такой красивый цвет👍 Заказала дочке, осталась довольна дизайном данной модели. Камера отличная, изображения четкие, звук качественный. Рекомендую к покупке ☺ || Телефон пришёл целый, все супер, разрешение камеры, звук, яркость и четкость картинки. Муж остался доволен. В видео все показано. Рекомендую.",камера,4.9
"Unihertz Смартфон tank 2 pro Global 12/512 ГБ, черный || Пользователь предпочёл скрыть свои данные || сначала как заказал проверил в пункте выдачи забрал домой
немного походил с ним понял что он слишком большой и толстый пытался сделать возврат не получилось.такшто решайте сразу в пункте выдачи брать его или оставлять
немного походил с ним и быстро привык к его размерам.на данный момент он мне очень нравится и устраивает. при постоянном использовании...",производительность,4.9
"Honor Смартфон X6c Ростест (EAC) 6/256 ГБ, голубой || ребенок в восторге. отличные характеристики, мощный аккумулятор, цена подарок, за эти деньги нет конкурентов. || Всё устроило. комплектация в полном объёме как в описании. Товар целый не смотря на некоторые мятинки на уголках коробки. Мама осталась довольна.",батарея,4.9
"Xiaomi Смартфон Xiaomi Redmi Note 14 4G NFC глобальной версии Helio G99-Ultra 6.67-дюймовый AMOLED-дисплей быстрая зарядка 33 Вт Global 8/256 ГБ, фиолетовый || Смартфон хороший! Дизайн, чёрный цвет, в очень аккуратном исполнении! По приходу стоит версия Андроид 14, обновился до 15 версии - очень шустро стал работать! Зарядка на обычном режиме по умолчанию за 30 мин. поднимает 50 процентов, режим быстрой ЗУ не использовал, есть защита АКБ: ограничение зарядки до 80%
В настройках много всего-можно сделать все... || Покупала для мамы в подарок, доставка вполне по времени нормальная, ну чуток подождали и вуале, стоимость дешевле чем у нас тут сразу покупать и по качеству, мама довольна!!!
Упаковано было ооочень надежно, если нужно будет позже дополню отзыв, пока все устраевает!",экран,4.9
"Samsung Смартфон Galaxy A06 4G Ростест (EAC) 4/64 ГБ, голубой || Пользователь предпочёл скрыть свои данные || смартфон пришол хорошо упакован:пакет,пупырка, коробка. Не поцарапан,все целое,быстрая доставка",производительность,4.9
"Купила POCO C71 для ребёнка — искала недорогой, но нормальный смартфон, чтобы не тормозил, держал заряд и не развалился за месяц. По цене около 5 тысяч рублей — это, конечно, не iPhone, но за такую сумму — очень и очень достойно.

Что понравилось:
Быстродействие — удивило. Ребёнок играет в «Майнкрафт» — всё плавно, без лагов.
Экран — большой, чёткий... || Отличный телефон, брали ребенку, остались очень довольны. В комплекте зарядное устройство и чехол, что очень порадовало. Понятно что телефон не дорогой и каких-то особенностей от него ждать не стоит, но для своих денег он очень шустрый, качество изображения и производительность на высоте👍🏻 в общем рекомендую 👍🏻 || отличный за свои деньги, удобно держать в руке, брали для работы, необходимый минимум есть, кое-что доустановить без проблем. цвет немного серебро, кому важно.",экран,4.9
"vivo Смартфон vivo X200 FE 5G NFC Русская версия (EAC) Dimensity 9300 Plus Емкая батарея 6500 мАч 50Мп OIS Тройная основная камера 6,31 дюйма 120Гц POLED Экран Лучшая водозащита IP69 Ростест (EAC) 12/512 ГБ, черный || отличный аппарат.как раз под мои задачи.не глючит.камера огонь.пришел за 10 дней.упаковка целая плюс еще и в пупырке.отслеживался с первого дня.телефон и продавца рекомендую. || Упаковка не повреждена. Телефон отличный. Перешел с Xiaomi mi9t Pro. Долго искал и выбирал телефон с небольшим экраном по сегодняшним меркам. Покупкой доволен. Правда маловато тем оформления.",камера,4.9
"Poco Смартфон POCO C85 оснащенный 6000 мАч батарея, Поддержка быстрой зарядки 33 Вт, Размер экрана 6,9"" , Основная камера 50 Мп AI,поддерживает обратную зарядку Wet Touch 2.0,Использование мобильного телефона мокрыми руками Global 8/256 ГБ, лазурный || Визуально все целое, упаковка заводская! Все в пленке! 
Телефон включился, заряжается! 
Дальше пока не пробовал, взял в подарок!
Доставка была раньше срока || Визуально все целое, упаковка заводская! Все в пленке! 
Телефон включился, заряжается! 
Дальше пока не пробовал, взял в подарок!
Доставка была раньше срока!",камера,4.9
"Tecno Смартфон SPARK 40C Ростест (EAC) 8/256 ГБ, белый || В руке лежит хорошо, удобно. Пока не пользовались. || Телефон пришел в запаянной упаковке. В комплект вошли: телефон, зарядное устройство, гарантийный талон, инструкция, паспорт, иголочка для симки.
Работает быстро, никаких проблем не обнаружено. Камера вполне достойная, даже панорама. В игры не играю, поэтому ничего сказать не могу.
Общее впечатление для бюджетного телефона - отличное.Продавца рекомендую...",камера,4.9
"Samsung Смартфон Samsung Galaxy A16 4G - НОВЫЙ Global 6/128 ГБ, светло-серый || Здравствуйте Уважаемые получил телефон самсунг а 16,быстрая доставка,телефон как звонилка работает хорошо на прием и на звонки без проблем.Качество звучания динамиков хорошее.меня все устраивает в этом вопросе все.Проблема в другом это плохое скачивание и поиск Bluetooth наушников.он их не видит вообще,это проблема.Проводного входа для наушников нет... || Товар пришёл в срок. Упаковка заводская. Пока в работе претензий нет.",производительность,4.9
"Xiaomi Смартфон Redmi A5 Ростест (EAC) 4/128 ГБ, синий || Взяла для мамы. Вполне устраивает, всё что нужно есть. Заряд держит пока нормально. И очень даже симпатичный. Спасибо || хороший бюджетный смартфон, покупала для пенсионера мужчины. всё понравилось, пришёл вовремя",прочее,5.0
"realme Смартфон 15 Ростест (EAC) 8/256 ГБ, черный || Достойный смартфон за свои деньги! Порадовал AMOLED‑дисплей с частотой 144 Гц: картинка плавная и яркая, даже на солнце всё хорошо видно. Камера на 50 Мп делает чёткие снимки при любом освещении, особенно удаются портреты. Аккумулятор на 7000 мА·ч — просто монстр: хватает на день‑два активной работы, а зарядка на 80 Вт наполняет батарею за час. Производительность... || Телефон дочери очень понравился, симпатичный.",камера,4.7
"Honor Смартфон 400 Ростест (EAC) 8/256 ГБ, золотой + Умная колонка Яндекс.Станция Мини 3, черный || Вас работает отлично, колонка в подарок вообще шикарно, да ещё и по такой адекватной цене || все пришло вовремя, телефон работает, летает
камера, боже, она идеальна для меня
спасибо большое!",камера,5.0
"Samsung Смартфон Galaxy A36 5G Ростест (EAC) 8/256 ГБ, лиловый || Купил телефон для мамы. Всё работает как и было заявлено) || шустрый. пришел быстро, без повреждений, а главное новый.
разочаровало то, что пришлось покупать к нему новый блок на 45w к проводу тайпси тайпси и новые наушники, а в целом всё хорошо. надеюсь не подведет. люблю самсунги, сменила после а22 4g.",производительность,4.9
"Xiaomi Смартфон Redmi Note 14 Pro Ростест (EAC) 12/256 ГБ, черный || телефон хороший. все работает. упакован в плёнку. быстро перенесли данные со старого телефона. фото отличные, четкие, яркие. рекомендую. || спасибо за телефон! все отлично работает продавцу спасибо за быстрый доставку!",камера,4.9
"Xiaomi Смартфон Redmi 15C Ростест (EAC) 8/256 ГБ, зеленый || Покупала этот смартфон исключительно для себя и ни капли не пожалела! Искала аппарат, который будет не только хорошо работать, но и радовать внешне. Розовый цвет — это не просто пигмент, это настоящий антистресс! Смотрится очень стильно и не по-детски, поднимает настроение каждый раз, когда беру его в руки.

Как основной телефон для работы и отдыха... || всё отлично. детальнее время покажет. очень красивый внешне!!!) дочке подарили)",прочее,5.0
"Смартфон Reaime Note K70 русская версия, сеть 4g, большой 6.8-дюймовый HD-экран, противоударная и водонепроницаемая защита, мощные игровые функции, гибкие возможности фотосъемки, длительное время автономной работы, отличный подарок, сенсорный телефон,Spark,M11,Ростест (EAC) EU 12/256 ГБ, бежевый, темно-бежевый || ""Пишу отзыв спустя пару дней использования
Данный смартфон пришел на смену моему OnePlus 9r, который прослужил мне 4 года.
Попользовавшись им в течении 5 дней пишу небольшой обзор на него.
Этот смартфон действительно заслуживает внимания, и вот почему:

Дизайн и сборка
это образец современного дизайна. Корпус выполнен из премиальных материалов, таких... || телефон пришел вовремя,визуально все нормально.Спасибо",камера,4.7
"Samsung Смартфон Galaxy A26 -НОВЫЙ- Global 8/256 ГБ, черный || вроде неплохой, обновил по через официальный сайт самсунг || телефон пришёл целый, работает, все хорошо",прочее,4.9
"Samsung Смартфон Galaxy A07 4/64 ГБ, черный || телефон получили раньше чем ожидали, что очень обрадовало. хороший. посмотрим как будет работать. потом напишу. || Отзывы могут оставлять только те, кто купил товар. Так мы формируем честный рейтинг",прочее,5.0
"Xiaomi Смартфон Xiaomi 14, 5g, поддержка русского языка, поддержка NFC, международная версия 16/512 ГБ, серый, черный || Телефон ШИКАРНЫЙ!!!
Заказала 15 июня. Ссылку дала мой мастер маникюра, ей такой телефон заказал муж. То есть заказала по рекомендации, видя её смартфон вживую. 
Приехал 20 июля, чуть более месяца. Продавец держал в курсе доставки и быстро отвечал на вопросы! 

Сам телефон в запечатанной коробочке. С открыточкой и сообщением от продавца, что если что-то... || Процессор шустрый. Качество селфи отличное. С камерой надо поразбираться, камера класс! Вчера получила.Для перекидки с телефона на телефон галереи есть уже на этом в папке системные приложения Mi Mover.Объем 110 Гбайт перекинулся за минут 30. Звук объемный. Есть функции как на Айфоне (можно создать стикеры из фото). Предыдущий телефон у меня был тоже...",камера,4.9
"Tecno Смартфон SPARK 40 Ростест (EAC) 8/256 ГБ, синий || нормальная трубка 

Есть ли сравнить с инфиникс хот 50 (стоимость почти одинаково) 
то инфиникс чут интереснее оказывается 
камера тоже чут слабый чем инфиникс || Пользователь предпочёл скрыть свои данные",камера,5.0
"SmartX Смартфон Ростест (EAC) 4/64 ГБ, черный матовый || ну пока все нормально,установила то,что мне нужно именно на этом телефоне,он предназначен только для использования дома по вай-фай.Пока устанавливала три приложения чуть нагрелся. || хорошо упакован, все целое. Очень приятно когда все ожидания приходят в реальности и действительности по факту.",прочее,4.1
"Xiaomi Смартфон Xiaomi Redmi Note 14 4G NFC глобальной версии Helio G99-Ultra 6.67-дюймовый AMOLED-дисплей быстрая зарядка 33 Вт Global 8/256 ГБ, черный || Смартфон хороший! Дизайн, чёрный цвет, в очень аккуратном исполнении! По приходу стоит версия Андроид 14, обновился до 15 версии - очень шустро стал работать! Зарядка на обычном режиме по умолчанию за 30 мин. поднимает 50 процентов, режим быстрой ЗУ не использовал, есть защита АКБ: ограничение зарядки до 80%
В настройках много всего-можно сделать все... || Покупала для мамы в подарок, доставка вполне по времени нормальная, ну чуток подождали и вуале, стоимость дешевле чем у нас тут сразу покупать и по качеству, мама довольна!!!
Упаковано было ооочень надежно, если нужно будет позже дополню отзыв, пока все устраевает!",экран,4.9
"realme Смартфон 12 Ростест (EAC) 8/256 ГБ, голубой || Все отлично,хороший,сыну понравился,спасибо продавцу. || отличный телефон. Все как заявлено в описании. Качеством доволен. Единственное при доставке можно было бы упаковать в пупырчатую плёнку.",прочее,4.9
"Apple Смартфон iPhone SE3 (2022) EU 4/64 ГБ, черный || Пользователь предпочёл скрыть свои данные || Мысленно готовился что буду делать возврат, т.к. расчитывал на то что придёт какой-нибудь восстановленный или ещё какой телефон. Но ребята удивили, чистый, НЕ активированный, оригинальный телефон, приятно удивили. А то я уже не расчитывал найти новый SE3. Благодарю",производительность,4.9
"Nothing Смартфон Nothing Phone (3a) Qualcomm SM7635 Snapdragon 7s Gen 3 Батарея емкостью 5000 мАч IP64 Global 12/256 ГБ, белый || Спустя месяц использования могу смело сказать - за свои день просто топ. Брать нужно 100% на озоне, в офлайн магазинах телефон стоит бешенных денег, цена колеблется от 30 до 40 тысяч, таких денег он точно не стоит, но за 22 это просто подарок. 
Дальше пройдусь по всем важным аспектам телефона:

Камера хороша, конечно не лучшая, но стоит своего. 1080p... || Всё отлично, с упаковкой проблем не было, телефон целый, серийные номера совпадают. Пользуюсь уже неделю, радует скоростью, операционкой, камера тоже неплохая. Брал на распродаже с хорошей скидкой, всем очень доволен.",камера,4.9
"нормальный телефон, шустрый. качество фото так себе. дочка в целом довольна, а я не очень. возникли сложности с переносом гугл аккаунта и настройкой родительского контроля, вернее я его не смогла настроить. Купили телефон пока была акция за 8500 примерно. Качество и соответствует такой цене. Был бы дороже не взяла бы || Хороший телефон за свою стоимость. Брала на замену сломавшемуся Huawei Mate 20, срочно нужен был телефон. В работе уже 3-й день, все работает чётко. Google сервисы можно установить при необходимости. От камеры ничего выдающегося ожидать не стоит, но оно и понятно за эти деньги. В целом впечатления от телефона хорошие, лучше чем ожидала. В будущем конечно... || камера за эти деньги пойдет, памяти 256👍, разрешение экрана хорошее HD, шустрый, частота Гц экрана максимум 90, за эти деньги хорошее приобретение👍",камера,4.9
"Unihertz Смартфон 8849 Tank 2 PRO 12 ГБ/512 ГБ,Батарея емкостью 23800 мАч Быстрое зарядное устройство мощностью 120 Вт 12/512 ГБ, черный || запакован хорошо
все вроде работает 
настроил быстро 
пока нравиться 
батарея была 23 до 100 зарядил мин за 40
не такой уж и тяжёлый и огромный как пишут 
у меня в руке нормально || мне данный аппарат понравился то, что привлекло то, что есть ещё и проектор, то, что можно ещё и, например, если в тёмное время раз включил, посмотрел очень удобно. единственный, - что он тяжёлый ещ, что аккумулятор большой, а так нормально.",батарея,4.9
"Poco Смартфон Poco M7 8/256 ГБ, серебристый || Телефоном довольна, шустрый, экран яркий и сочный, места дофига! 😄 Хотя непривычны некоторые моменты, еще разбираюсь в настройках. К примеру язык не переключается пробелом, не нашла такую настройку. Бесит реклама, пока настроила тему, насмотрелась, мелодию звонка поменять тоже реклама после каждой, что-то перебор, я к такому не привыкла на Хоноре.... || Смартфон реально отличный, соответствует всем заявленным характеристикам. Все настроилось, все подключилось. Пришел в запечатанной упаковке. Покупался как подарок на день рождения, подарком остались довольны.",экран,4.9
"Apple Смартфон iPhone 16 - SIM+eSIM (новый, не активирован, Face Time работает, eSIM поддерживается) - Global 128 ГБ, черный || >Плюсы:
Смартфон действительно ощущается быстрым и шустрым. Новый чип A18 даёт запас мощности: всё работает плавно, нет лагов ни в повседневных задачах, ни в более тяжёлых — играх, монтаже, переключениях между приложениями. 
Камера даёт хорошие фото — особенно при нормальном свете. Основной 48 МП модуль справляется красиво, можно снимать удачные кадры... || Продавцу благодарность. телефон пришел в отличном состоянии, продавец направил для контроля серийный номер,IMEI и т.п. для полного понимания что идёт именно мой телефон и он является оригинальный. По качеству и состоянию вопросов нет. Однозначно советую к приобретению.",камера,5.0
"Samsung Смартфон Galaxy A56 Global 12/256 ГБ, оливковый || Отличный, оригинальный телефон, шустрый, с обновлением экрана 120 Гц.А вот у айфона 120 Гц обновление экрана появилось только аж на 17 айфоне, за айфон обидно конечно. Спасибо продавцу за оригинальный товар. || отлично всё! время покажет подключим дополню отзыв.",экран,4.9
"Samsung Смартфон Galaxy A36 5G Global 8/128 ГБ, белый || Редактирую спустя два месяца использования.
Телефон оправдал все ожидания, однозначно стоит своих денег (покупал по цене 21 т.р.)

1) Связь держит хорошо даже за городом, однако при потере сигнала, индикатор не сразу реагирует на это, то есть связи уже нет, а палочки всё ещё показывает как при хорошем приёме, но это мелочи в условиях трассы через горки... || Пользователь предпочёл скрыть свои данные",прочее,4.9
"Poco Смартфон Poco X7 Pro Смартфон NFC с диагональю экрана 8400-Ultra 6,67 "" AMOLED-дисплеем с разрешением 1,5K Flow емкостью 6000 мАч EU 12/512 ГБ, желтый, черный || Стоит каждый свой рубль. Нету не одного смартфона, который хоть чуть-чуть приблизился бы к этой модели по характеристикам, комплекту и т.д.
Не без минусов естественно. Скорее все эти минусы в настройках телефона. Из-за того что не все работает как нужно, все нужно настраивать и много что отключать, чтобы телефон был автономный.
У меня полные 120 герц... || ещё не открывал но все было хорошо запаковано.",экран,4.9
"realme Смартфон Русская версия (EAC) realme C71 NFC UNISOC T7250 Chipset Огромная батарея 6300 мАч 6,67"" 120 Гц дисплей Пыле- и влагозащита IP64 45 Вт SUPERVOOC Ростест (EAC) 8/256 ГБ, зеленый || взяли ребенку, поэтому сразу упаковали в чехол. за свои деньги телефон хороший. заряд держит, игры тянет, все настроили без проблем || Пользователь предпочёл скрыть свои данные",батарея,4.9
"Poco Смартфон POCO F7 5G Глобальная версия Global 12/256 ГБ, серебристый || До Москвы телефон дошел за 17 дней. Все целое в идеальном состоянии. Сам покофон, он и есть покофон, рекламы нет которой все боятся, не греется (в играх не знаю). По сравнению с poco x 3 конечно быстрее, старичок сильно лагал в навигаторе и картах яндекса. Заряд держит тоже заметно дольше. По камере сказать трудно, я фоткаю только документы и счетчики... || Продавец красава смартфон в отличном состоянии. Но ехал конечно долго 22 дня",производительность,5.0
"IIIF150 Смартфон Raptor，Тепловизионная,NFC 24/256 ГБ, черный || Хороший телефон.
До него использовал Air 1 Ultra Plus от этой же фирмы, поэтому отзыв будет немного сравнительным. Вес практически одинаковый, но Раптор ощущается больше и объемнее. Раптор существенно толще, это чувствуется. Форма менее обтекаемая, в карман влезает с бОльщим трудом. Так чего же 5 звёзд? Производительный, не виснет, отдельно радует тепловизор... || Хороший аппарат, выполнен качественно, железа вполне хватает для комфортного ежедневного использования, экран яркий, батарея держит долго (судя по обзорам с Ютуба - ёмкость около 9к мА/ч). Брался для работ по электрике.",батарея,4.6
"Poco Смартфон POCO M7 Pro 5G Dimensity 7025-Ультра 6,67-дюймовый AMOLED-дисплей емкостью 5110 мАч 8/256 ГБ, зеленый || наиахиреннейший аппарат, камера топчанский топ за такой ценник, просто космос полёт второй с половиной день превосходный. АЕ!! || Доставка в срок , упаковка четкая ,все целое, телефон брал отцу ,он доволен! рекомендуем магазин!",камера,4.9
"iQOO Смартфон Z10 Lite Ростест (EAC) 8/128 ГБ, зеленый || уже второй берем, быстрый и с хорошей камерой. нравится) || Пользователь предпочёл скрыть свои данные",производительность,4.9
"Xiaomi Смартфон Redmi Note 13 Pro 5G,Глобальное ПЗУ Поддержка русского языка + Google Play Global 8/256 ГБ, черный || Телефон пришел целый, упакован был качественно. Единственное что, то доставка была ну очень долгая. 41 день я его ждал, было несколько переносов. В целом: телефон очень громкий, два динамика, звук качественный, есть низкие частоты. Камера - очень хорошо делает фото (как владелец фотоаппарата), даже на этот телефон достойно можно делать фото, дополняя... || классный телефон... все пришло... отзыв месяц спустя пишу... всё работает... дочь очень довольна...",камера,4.9
"Honor Смартфон HONOR 200 Ростест (EAC) 8/256 ГБ, серебристый || 🎀Внимание! Много букв ! 😀😂 Советую посмотреть фото и видео отзывы :) ( отзыв спустя несколько месяцев после использования)
Долго выбирала телефон. Всегда нравилась линейка honor . Выбор был очевиден.
Самое главное для меня было : аккумулятор, камера , 256гб и чтобы тянул игры 🎮на максималках ( Mobile Legends, Genshin Impact). 
Тонкий, звонкий лёгкий... || Понравился внешне, покупали другу, сказал по характеристикам подходит. Все утроило. Рекомендую.",камера,4.9
"Poco Смартфон Global 8/256 ГБ, светло-серый || купил бабушке. все хорошо комплект полный упаковано хорошо. || работает сын доволен, за эти деньги норм",прочее,4.9
"Xiaomi Смартфон Redmi A5 Ростест (EAC) 4/128 ГБ, золотой || телефон как телефон,лучше обычных звонилок ,брали для Макса , работает без входа в гугл и привязки аккаунтов . от одного вайфай. камера норм,для,дневной съемки вполне сносно || купила для подарки в пвз посмотрела вроде норм, пока ничего не могу сказать.",камера,4.9
"Poco Смартфон POCO F6 5G смартфона Глобальная версия Snapdragon8s Gen 3 NFC 120Гц Flow AMOLED 90Вт с турбонаддувом Батарея емкостью 5000 мАч EU 12/512 ГБ, желтый || Все четко,правда прошивка не глобал и даже не евро, а RU, но покупалось для человека,который не знает и знать не хочет об этих тонкостях лишь бы читалки и смотрели можно было установить.
P.S. В попыхах при первом включении поставил регион россия,при этом активизировалась гугловская звонилка.При изучении ПО телефона обнаружились следы miui звонилки,если... || Телефон класс!!! Шел месяц до Саратова, стоит каждого потраченного рубля. Отличный аппарат!!!",батарея,4.9
"Tecno Смартфон CAMON 40 Ростест (EAC) 12/256 ГБ, белый || телефон классный всё работает отлично,я кайфанул от его использования. продавец тоже классный ,с ним даже можно поторговаться на скидку. доставка в срок о покупке не жалею ни разу || Пользователь предпочёл скрыть свои данные",прочее,4.9
"Poco Смартфон X7 Ростест (EAC) 12/512 ГБ, зеленый || Замечательный смартфон по демократичной цене ☺ шустрый, яркий, отличные фото и видео. В комплект входит бампер на телефон, мне достался графитового цвета. || Покупали себе с женой два смартфона, до этого у меня тоже был POCO и он меня очень порадовал, поэтому остановили выбор именно на этой модели. Эта модель так-же радует и надеюсь будет радовать и в дальнейшем. замечательные снимки и видео. Качественный звук. Есть всё что необходимо. Работает шустро, без зависаний.",камера,4.9
"realme Смартфон 14 Pro Ростест (EAC) 8/256 ГБ, белый || Отличный аппарат. Брал в подарок маме, главное было хороший экран, камера пусть и одна, но чтобы была достойного качества ( в данном случае телевик и ширик не нужны особо), батарейка мощная и быстрая система. Так как мама уже 4 года Realme 8 pro пользуется и привыкла к оболочке выбор пал на эту новинку.
Ну что сказать, экран быстрый 120Гц после 60 ощущаются... || телефон супер, описывать характеристики нет смысла, пользуемся телефонами данного бренда уже давно, и всегда только приятные впечатления, новые дизайнерские решения с каждой серией и правда придают индивидуальность телефонам Realme. Брал в подарок супругу на замену Realme 9 pro +. Камера лучше, плавность экрана гораздо лучше. Единственный минус, встречались...",камера,4.9
"HUAWEI Смартфон p30 pro Global 8/512 ГБ, синий || Пользуюсь с 2018 года. Купил такой же. Альтернатива отсутствует до сих пор || Пользователь предпочёл скрыть свои данные",прочее,8.0
"Poco Смартфон POCO F7 Snapdragon® 8s поколения 4 от массивным AMOLED-дисплеем емкостью 6500 мАч диагональю 6,83 дюйма, разрешением 1,5 Кбит/с и частотой 120 Гц EU 12/512 ГБ, белый || телефон пришел быстро упакован хорошо рекомендую. попользуюсь допишу || Отличный смартфон, рекомендую однозначно, шустрый, хорошая камера.",камера,4.0
"Honor Смартфон Magic7 Pro Ростест (EAC) 12/512 ГБ, светло-серый || Общие впечатления от телефона: он очень неплох и во многом будет крайне удобным инструментом как в повседневных делах, так и в рабочих моментах. Но он все же не идеален.

Теперь по порядку.
Что понравилось:
Сочетание железной начинки и операционной системы работает просто идеально. Всё плавно, быстро, без каких-либо задержек. Экран очень яркий — в большинстве... || Доставка: На день раньше чем было заявлен 3 дня, за два дня приехал.
Упаковка обычный пакет озона, коробка телефона не повреждена ни сколько, спасибо за аккуратность. 
Телефон был живой 18 %.
Два дня использования пока все радует, если что отзыв дополню. 
Магазин рекомендую , как и телефон.
От себя замечу, бампер в комплекте симпатичный, но для галочки...",экран,4.9
"iQOO Смартфон Z10R Ростест (EAC) 12/512 ГБ, золотой || телефон пришёл в хорошей упаковке.
открыли в пункте выдачи, всё целое , не разбитое, царапин и вмятин нет. зарядку держит хорошо, качественное фото. ребёнок игр накачал, говорит всё отлично. Не виснет , все видео быстро загружаются. || Брал за 600 BYN на замену Mi 9 lite. Отличный телефон, работает шустро. Чехлы подходят от Vivo v60 lite",камера,4.9
"Poco Смартфон X7 , поддержка русского языка Google Play NFC,глобальная версия Global 12/512 ГБ, салатовый || Пользователь предпочёл скрыть свои данные || Всем приветик))) Нужен был бюджетный и необычный смартфон, такой как не у всех. Пользуюсь Poco F7 уже пару недель — впечатления только положительные! 👍 Смартфон летает — процессор Snapdragon 8s Gen 4 справляется со всем, без зависаний и перегрева. Экран просто шикарный, красочный — 6,83 дюйма, AMOLED, 120 Гц. Отдельно хочу выделить батарею 6500...",батарея,4.9
"realme Смартфон 15T Ростест (EAC) 8/256 ГБ, белый || Телефон хороший, яркость экрана на высоком, телефон работает бытсро || впечатления отличное, работает отлично, заряд держит 2 дня при использовании практически весь день. покупкой довольна . рекомендую",экран,4.6
"Samsung Смартфон Galaxy S25 Ultra Global 12/512 ГБ, черный || товар пришёл быстро, заявленное качество соответствует, покупкой давольна || классный телефон, пришёл раньше, заказывать можно. спасибо продавцу",производительность,4.9
"Tecno Смартфон SPARK 40C Ростест (EAC) 8/256 ГБ, голубой || В руке лежит хорошо, удобно. Пока не пользовались. || Телефон пришел в запаянной упаковке. В комплект вошли: телефон, зарядное устройство, гарантийный талон, инструкция, паспорт, иголочка для симки.
Работает быстро, никаких проблем не обнаружено. Камера вполне достойная, даже панорама. В игры не играю, поэтому ничего сказать не могу.
Общее впечатление для бюджетного телефона - отличное.Продавца рекомендую...",камера,4.9
"Poco Смартфон X7 Pro Ростест (EAC) 12/256 ГБ, зеленый || Пользователь предпочёл скрыть свои данные || Я в полном восторге. Очень понравился дизайн, к тому же он удобный, шустрый, приложения просто летают и обьем памяти 512 для меня то, что надо. До конца еще не все фишки испробовала, но уже с уверенностью могу сказать, что он просто бомба. Берите не пожалеете. Предыдущий был Poco x3 pro, поэтому мой выбор именно Poco. Цвет зелёный, нежный, очень красивый...",прочее,4.9
"realme Смартфон 14T Ростест (EAC) 12/256 ГБ, фиолетовый || Телефон пришел в коробке в заводской упаковке. внутри все, как в описании. Спасибо большое. Все работает || Товар пришёл в цельной упаковке без повреждений. На задней стороне упаковки есть описание на русском языке. Комплектация соответствует описанию, всё целое. Телефон пришёл с заряженной до 25% батареей, что позволило сразу проверить рабочее состояние. Пока нареканий нет, посмотрим как покажет в работе.",батарея,4.9
"Poco Смартфон POCO M7 Pro 5G Taxas includas Плотность 7025-Ультра 120 Гц FHD + AMOLED-дисплей для ухода за глазами Зарядка мощностью 45 ВтTaxas includas Плотность 7025-Ультра 120 Гц FHD + AMOLED-дисплей для ухода за глазами Зарядка мощностью 45 Вт EU 12/512 ГБ, черный || Пользователь предпочёл скрыть свои данные || Отличный смартфон, шел 3 недели. Хорошо упакован, упаковка не вскрывалась. Русифицирован, перенес со старого все программы - летает 👍 Очень доволен покупкой!",экран,4.9
"Poco Смартфон POCO C85 Процессор MediaTek Helio G81-Ultra батарея емкостью 6000 мАч дисплей диагональю 6.9 дюйма быстрая зарядка мощностью 33 Вт Global 8/256 ГБ, зеленый || хорошо работает. шустрый . и не дорого телефон . || Отличный экран: Большой, яркий, с хорошими цветами. Смотреть видео и играть комфортно.
Огромная батарея: Легко хватает на два дня умеренного использования. 
Достаточно шустрый: В повседневных задачах (соцсети, браузер, звонки) не тормозит. Стартовой производительности хватает.
 Минусы:
Камеры посредственные: Днем при хорошем свете снимки еще куда ни...",камера,4.9
"Meizu Смартфон Note 21 Ростест (EAC) 4/256 ГБ, голубой || Всё супер. Рекомендую. Отличный телефон. Буду заказывать ещё такой же ребёнку || Пришёл вовремя,хорошо упаковано. Упаковка заводская. Все работает,характеристики как в описании.Только камера не соответствует заявленным характеристикам.",камера,4.8
"ASUS Смартфон ROG 9 FE , Глобальная прошивка поддерживает русский язык и сервисы Google Global 12/256 ГБ, черно-серый || Хороший аппарат. CN версия (тенцент по старому/привычному). Проблем касательно вида версии никаких нет. Развели миф, что тенцент версия ""косячная"", увы, косячной может оказаться любая версия, кому как повезет. Отличие от остальных версий — нет обновлений по воздуху (OTA) и всё, вручную обновлять очень просто, я бы не сказал, что это минус.
По работе... || Доволен 👍, рекомендую , отличный аппарат !",прочее,4.9
"Honor Смартфон Honor X9C 5G NFC Глобальная версия Snapdragon 6 Gen 1 Емкая батарея 6600 мАч Быстрая зарядка 66Вт 108Мп основная камера 6,78 дюйма 120Гц AMOLED Экран Global 12/256 ГБ, светло-зеленый || телефон пришел хорошо упакован. в заводской плёнке.
доставка была чуть более месяца.
визуально всё хорошо, камера хорошая.
Разбираться с ним буду на днях, дополню отзыв. || Пока что ставлю 5ть звезд.
Доставка из Китая 1 месяц с небольшой задержкой из-за предстоящего праздника НГ.
Брал на распродаже, когда отправили заплатил налог в районе 700р, Общая цена вышла в 19800.
Упаковано в обычный транспортировочный пакет, сам телефон Дополнительно помещен в плотный наполненный воздухом пакет. Упаковка телефона не пострадала,...",камера,4.9
"Apple Смартфон iPhone 16 - SIM+eSIM (новый, не активирован, Face Time работает, eSIM поддерживается) - Global 256 ГБ, зеленый || >Плюсы:
Смартфон действительно ощущается быстрым и шустрым. Новый чип A18 даёт запас мощности: всё работает плавно, нет лагов ни в повседневных задачах, ни в более тяжёлых — играх, монтаже, переключениях между приложениями. 
Камера даёт хорошие фото — особенно при нормальном свете. Основной 48 МП модуль справляется красиво, можно снимать удачные кадры... || Продавцу благодарность. телефон пришел в отличном состоянии, продавец направил для контроля серийный номер,IMEI и т.п. для полного понимания что идёт именно мой телефон и он является оригинальный. По качеству и состоянию вопросов нет. Однозначно советую к приобретению.",камера,5.0
"realme Смартфон 15T Ростест (EAC) 12/256 ГБ, темно-серый || Телефон хороший, яркость экрана на высоком, телефон работает бытсро || впечатления отличное, работает отлично, заряд держит 2 дня при использовании практически весь день. покупкой довольна . рекомендую",экран,4.6
"Samsung Смартфон Galaxy Z Flip7 5G Ростест (EAC) 12/256 ГБ, коралловый || Телефон классный! В принципе была ознакомлена со множеством отзывов и разборами еще до покупки 👀 про эстетическую составляющую: ну не можно, насколько необычный и постоянно хочется открывать/закрывать 😹 поэтому очень довольна, в процессе эксплуатации еще выявлю плюсы и минусы для себя, но пока сплошь удовольствие настраивать под себя темы и приложения... || качественный. удобный. обращайтесь с ним аккуратно и прослужит долго. уже наклонила пленку на внешний экран. немного криво, но на работу это не влияет.

работает отлично.",экран,5.0
"Blackview Смартфон OSCAL PILOT 1,15000мАч, NFC, IPS Экран 6.67’ ,Быстрая зарядка на 33Вт Global 6/256 ГБ, черный матовый || Телефон соответствует описанию , тяжеловат для постоянного использования, для поездок на природу самое то . || Телефон понравился, увесистый, большой экран, хорошее качество изображения",экран,4.9
"Xiaomi Смартфон Redmi 14C Ростест (EAC) 8/256 ГБ, черный || всё работает
брали на подарок
уже в использовании 4 месяца
нареканий нет || брала не себе точно сказать не могу ,но по-моему не жаловались на покупку",прочее,4.9
"Honor Смартфон 400 Ростест (EAC) 12/512 ГБ, черный || В целом приятная модель.
Комплектация: Сам телефон с уже оклеенной защитной глянцевой пленкой, блок зарядки на 120W с проводом Type-C, силиконовый защитный чехол, коробка, ключ для открытия отсека SIM-карт, краткое руководство и гарантийный талон.

Основные плюсы:
1) Размеры - не сильно большой, что позволяет его без проблем носить в любом кармане,... || Пользователь предпочёл скрыть свои данные",прочее,4.9
"HUAWEI Смартфон nova 13 Ростест (EAC) 12/512 ГБ, черный || все как в описании пришел в срок, беру уже третий телефон этой фирмы старый был удобнее нет привычных кнопок возврата и домо || Покупали для ребенка, он очень доволен. Телефон шустрый, с хорошей камерой, на озоне дешевле чем во всех магазинах.",прочее,4.9
"Poco Смартфон poco m7 Global 8/256 ГБ, светло-синий || на первый взгляд хороший аппарат!будем немного посмотреть... || нормальный смартфон,стоит своих денег,аккумулятор мощный 👍,камера средняя,но снимки хорошие при нормальном освещении,чехол положили ,в общем ребёнок доволен.",камера,4.9
"Хороший телефон. Пришел в ценности и сохранности. Единственное, нечувствительный сенсор отпечатка пальца. Я думаю это из-за наклеенной пленки. В целом, понравился. || в комплекте зарядка и бесцветный чехол, к сожалению наушников не было (было заявлено). Телефон заряжен на 90%, сразу всё загрузили. Пока всё отлично. || Телефон пришел нормальный зарядку держит посмотрим что будет дальше",прочее,4.7
"vivo Смартфон x200fe Ростест (EAC) 12/256 ГБ, голубой || Здравствуйте, как пользователь могу добавить некоторые нюансы . 
1. Телефон греется, и греется от обычных действий таких как просмотр контента в тик-токе. Но греется когда от интернета, не от Wi-Fi. В играх не подскажу. В принципе это не критично, но немножко раздражает. 
2. Я думал, что чем тоньше рамки тем лучше, но есть и минусы. Когда выскакивает... || Пользователь предпочёл скрыть свои данные",прочее,4.9
"realme Смартфон Realme GT8 Pro 5G китайская разблокированная версия CN 12/256 ГБ, белый || Очень сбалансированный смарт. Озборщики на GSMArena отмечают, что в GT8 pro Риалми сильно вырос, по сравнению с предыдущими моделями. Хвалят Камеру, динамики, производительность, автономность. Я с ними полностью согласен. Результаты тестов - на видео. 
Русификация очень хорошая и настраивается либо через установку нашей симки до включения и перезагрузкой... || Грушковский Виктор Иванович",камера,4.6
"Samsung Смартфон Galaxy S24 FE Global 8/256 ГБ, темно-серый || телефон отличный. брал на подарок жене, она осталась довольна. по приходу сразу прилетело обновление, установилось всё без каких-либо проблем. обидно что коробка была вскрыта. так понимаю это на таможне. телефон пришел на два дня раньше срока. || Пришел в запечатанном пакете службы доставки, стандартная коробка дополнительно обернута ""пупыркой"". Заводская упаковка вскрыта и заклеена белой пленкой. Заводская пленка с экрана снималась, даже если таможня то ей для чего? И если таможня, то почему упаковка из Дубая до подмосковья доехала не вскрытая? Странно, что не указывается в описании растаможка...",экран,4.9
"отличный смартфон за свои деньги. супер. рекомендую!! || первое впечатление хорошее, дальше посмотрим || четкий телефон. пашет второй месяц. все устраивает",прочее,4.9
"Xiaomi Смартфон REDMI 15 Ростест (EAC) 8/256 ГБ, черный || заказ пришел вовремя в картонной коробке, в комплект входит зарядное устройство, чехол (бортики выше камеры, но сама камера не защищена), перенос информации со старого устройства на новое прошло успешно. сканер отпечатка находится на кнопке включения и выключения устройства, защитная пленка уже есть от производителя, фото получается хорошие четкие,... || Пришло хорошо упакованно, В комплекте: чехол, зарядка. Работает хорошо, потребовал обновить. Всё согласно описанию. Работает быстро. Хоть и заказали после пяти вечера, пришёл на следующий день.",камера,4.9
"VEDYARTI Смартфон I15 Pro Max, В качестве подарка родным и близким Ростест (EAC) 12/512 ГБ, белый || Сначала я купил чехол для мобильного телефона, а затем купил чехол для мобильного телефона.Хотя продавец подарил мне чехол для мобильного телефона, но!Телефон отличный!Обычно трудно купить хороший мобильный телефон по такой цене, но я нашел его. Этот мобильный телефон делает снимки очень четко, процесс использования очень плавный и не заедает, а батарея... || Приехал телефон упакован в плёнку, без доп защиты, коробка чуть помятая. Первое впечатление норм. Посмотрим в работе. Дополню отзыв позже после использования.",батарея,4.9
"Xiaomi Смартфон Redmi 15C 8/256 ГБ, черный, серый || Телефон очень хороший, пришёл раньше срока, всё соответствует описанию, я довольна покупкой. || отличный телефон спасибо всё пришло хорошо упаковано,по работе всё устраивает",прочее,4.9
"Смартфон Смартфон tecmo COMAN 40PRO CN 12/512 ГБ, черный матовый, голубой || Использую уже почти два месяца, а производительность всё ещё стабильная, как в первый день покупки — каждый день интенсивно использую, будь то просмотр контента или решение мелочей, тормозов нет. Главное, цена значительно ниже, чем у предыдущего товара с такой же производительностью, соотношение цены и качества действительно высокое, не ошибся с покупкой!.. || Старый товар раньше часто тормозил, а с этим всё другое: производительность значительно улучшилась, открывание приложений гораздо быстрее, за день повседневного использования тоже плавно. Главное, цена не поднялась много, а соотношение цены и качества намного выше, чем у старого, раньше поменять — раньше наслаждаться!",производительность,4.9
"Samsung Смартфон Galaxy A07 Global 4/64 ГБ, черный || Телефон понравился, пришол быстро, хорошо упакован,всё соответствует описанию,продавца рекомендую. || Очень хороший телефон. Покупали маме, она довольна!",производительность,4.9
"смартфон отличный! пользуюсь уже второй день и нарадоваться не могу: приложения открываются мгновенно, оболочка, oxygen os 15, очень плавная, но без мусора, и в целом после чистого андроида к ней очень быстро привыкаешь. телефон можно соединить с компом по вай фай через фирменную программу ванпласа, чтобы без мороки посмотреть и скинуть какие-либо файлы... || отличный телефон,потихоньку привыкаю к нему👍🔥 || Получил смартфон быстро - через неделю- в надлежащем состоянии. Не прошло и 2-х дней, как в него был закачан полный функционал. Проблем не возникло никаких. Программное обеспечение обновилось автоматически до 16-й версии. Я доволен покупкой, хотя цена с учётом таможенной пошлины слегка покусывает",производительность,5.0
"SmartX Смартфон S70 Ultra Max Ростест (EAC) 6/128 ГБ, светло-зеленый || нормальный смартфон , чехол и защитная пленка в комплекте, || пришел упакован хорошо 👍 брал на подарок",прочее,4.6
"Honor Смартфон Глобальная версия HONOR 400 5G NFC Snapdragon 7 Gen 3 200Мп с OIS основная камера Емкая батарея 6000 мАч HONOR 100Вт SuperCharge 6,55 дюймов 120 Гц AMOLED дисплей 12/512 ГБ, светло-бежевый || Пользователь предпочёл скрыть свои данные || Очень хорошее впечатление, всё работает быстро. Сканер отпечатка пальцев работает практически мгновенно. Экран и фото отличного качества. доставка в течение 20 дней.",камера,4.9
"Tecno Смартфон POVA 7 Ultra 5G Ростест (EAC) 12/256 ГБ, черно-серый || Изделие уже почти неделя в эксплуатации. Я как простой обыватель скажу одно,гаджет интересный. Пок разбираюсь в настройках. После предыдущего не привычно. Данные из старого в этот перешли. Заряжается быстро. Зарядку держит. Если бесконечно не сидеть в приложениях и соцсетях. А так резвый. Меня всё устраивает. Дальше покажет эксплуатация. || супер!
телефоны Tecno, как всегда радуют своим функционалом и надёжностью.
покупаю уже 3-й раз. у меня и у всех близких только Tecno!",производительность,4.9
"Blackview Смартфон Oscal TANK 1,6.78"",Андроид 15,48 ГБ (16+32) ОЗУ/512 ГБ,50 МП + 64 МП,20000 мАч Global 16/512 ГБ Global 16/512 ГБ, черный матовый || ОЧЕНЬ крутой аппарат! Настоящий мужицкий внедорожник. Вернее: ТАНК)))! || Телефон пришёл с опозданием, но он стоит ожидания. Пришёл заряженный, хорошо упакован. Буду отправлять дальше будущему владельцу этого аппарата) после дополню отзыв. Габариты конечно впечатляют)",прочее,4.9
"Xiaomi Смартфон Redmi Note 14 Pro, Global 12/512 ГБ, черный || отличный телефончик,поменяла старенький redme 10,очень довольна,все как и хотела,спасибо продавцу за отличный товар и озон за аккуратную и быструю доставку! || супер аппарат, быстрая доставка, все целое, работает без нареканий",производительность,4.9
"HUAWEI Смартфон nova 13 Pro Ростест (EAC) 12/512 ГБ, белый || очень хороший шустрый телефон спасибо большое || Классный телефон. Камера отличная 👍.Покупала специально для качественных фото(нужны для работы).До этого тоже был Huawei, но в нём камера слабовата.А теперь проблема решена 👍",камера,4.9
"Восстановленный Apple Смартфон iPhone 12 4/128 ГБ, белый || Пользователь предпочёл скрыть свои данные || Телефон пришёл во время. Хорошо упакован, в подарок бонус на 2000 р., чехол, защитное стекло. Телефон без сколов, без царапин. Отлично справляется со своими функциями. Покупкой довольны.",прочее,4.7
"Tecno Смартфон CAMON 40 Ростест (EAC) 12/256 ГБ, зеленый || Телефон покупала внуку, ему очень понравился, очень красивый дизайн, фотографии отличного качества, большой выбор редактирования фотографий работает быстро, много памяти, встроена ИИ ELLA, много полезных функций стоит своих денег || Второй такой телефон в семье. первый себе брал, месяц работы, полёт нормальный! фоткает отлично, кроме широкоугольной камеры. трудновато подобрать защитное стекло! памяти навалом, шустрый, тонкий. ИИ особо не пользовался, хотя штука прикольная! собеседника слышно отлично, как и меня. вф работает стабильно как и бт. яркости экрана хватает, рамки тонкие...",камера,4.9
"Tecno Смартфон SPARK 40 Ростест (EAC) 8/256 ГБ, черный || Купили ребенку, больше чем отличный, красивый, большой, качественный, шустрый, поддерживает все приложения ( есть с чем сравнить)! Большое спасибо! || Идеальный телефон за эти деньги, красивый, стильный, характеристики и цвет совпадают, быстродействие, экран, все отлично",экран,4.9
"Cubot Смартфон Cubot King Kong AX 12/256 ГБ, черный || Работает, в море ещё не бросал, надеюсь выживет || Не плохой телефон, но звук не очень громкий. Доставка быстрая, заводская упаковка не нарушена. Удобен в руке. Пишу после нескольких дней пользования. И пока все устраивает. Спасибо. Рекомендую к покупке.",производительность,4.8
"Poco Смартфон POCO M7 Ростест (EAC) 6/128 ГБ, черный || Телефон удивительный. Звук отличный. Громкий и чистый. Сам телефон очень шустрый. Ну конечно пришлось для этого открыть меню разработчика и изменить кое-какие настройки. Насчёт камеры не могу ничего сказать. Так как не любитель фотографирования, поэтому эта функция телефона не интересна. Батарея действительно держит заряд полтора дня, как сказано в... || Считаю нормальный смартфон за такие деньги , купили ребенку взамен старого . Конечно же рад . Быстрый , не зависает . Камера не плохая , много памяти . Сейчас детям что нужно ? Немного отвлечься от школы и от нудных родителей которые заставляют все делать )) а тут и поиграть и фильмы посмотреть , экран большой . Так что рады☺",камера,4.9
"vivo Смартфон v60 lite Ростест (EAC) 8/128 ГБ, синий || Внешне, и по функционалу понравился, брали ребенку на ДР. Сама попросила Vivo,т.к. у подруги это же фирмы смартфон. Андройд 15, работает без зависаний, все необходимые приложения устанавливаются. Пока довольны покупкой. В комплекте чехол матово-черный удобно в руке держать, зарядный блок (не маленький) и шнур. Заряд держит хорошо, заряжается быстро... || Суперский смартфон, шустрый,красивый. Пришёл на 2 дня раньше, запечатан, в заявленной комплектации в целости и сохранности, работает без нареканий👍",производительность,4.9
"Samsung Смартфон Galaxy A35 Global 8/128 ГБ, фиолетовый || Великолепный магазин... 😉👌😍🔥🫶
Отличные смартфоны! 👍👍👍🎯🎯
В среднем на 5.000 - 40.000 рублей дешевле ( в зависимости от модели ) чем в ДНС, Связном, МТС и других магазинах, города Сочи.
Всё только оригинал! 💯
Проверил всё идеально... ✅💯
Доволен! 🥳🥳🥳🥳🥳🥳🥳🥳🥳🥳
Очень рекомендую. 😉🤝 || Пользователь предпочёл скрыть свои данные",прочее,4.9
"realme Смартфон 15 Pro Ростест (EAC) 8/256 ГБ, зеленый || Хороший смартфон. Шустрый. Пока ещё во всех функциях не разбирался. Камера хорошая. Есть минус сильно греется аккумулятор при просмотре менеджеров и работе в интернете. || великолепный телефон.шустрый,быстрый,сочный экран.камера хорошая.прям топ.очень нравится!рекомендую.полностью русифицирован.продавца рекомендую",камера,4.9
"Poco Смартфон POCO F6 5G смартфона Глобальная версия Snapdragon8s Gen 3 NFC 120Гц Flow AMOLED 90Вт с турбонаддувом Батарея емкостью 5000 мАч EU 12/512 ГБ, черный || Телефон за данную стоимость просто космический 😳🪐
Начнем с того что за такую ценну вам подготовили 12/512 Гб, что не может не радовать, спасибо за это✊⚡
Насчет съёмки видео 4к/60фпс, они и впрямь есть и они очень существенные, я вам за это очень благодарен, а если говорить про фотки, они относительно зачетные, но я буду использовать данный аппарат... || Телефон отличный, игрушки играть можно. Батареи хватает (если требовательная игра с ультра графикой то улетает - это нормально). 
(мне лень писать отзыв)",камера,4.9
"Honor Смартфон Honor 90NFC Global 16/256 ГБ, серый || телефон супер, брал в подарок 🎁. пришёл быстрее назначенного срока, упаковано отлично, без мятин и повреждений. Все пломбы на месте, работает шустро. Рекомендую продавца 👍 || коробка была повреждена, но содержимое не пострадало,пломбы целые.тут вопросы к доставке. сам телефон шикарен, брал жене в подарок, но поюзав решил что себе закажу такой же😁. доставка меньше двух недель. продавца рекомендую.",производительность,4.9
"Poco Смартфон POCO X7 Pro 5G, Dimensity 8400-Ultra, 6000 мАч, 6.67 дюйма Global 12/512 ГБ, светло-зеленый || Первый раз заказываю на Озон.
пришел за 3 недели упаковка не повреждена. || пришел в хорошо упакованной обёртке, поэтому отсутствует вмятины на коробке, это хорошо т.к. в подарок брали. включил телефон, все параметры реальные что и заказывал. в комплекте - зарядка 90w и провод. как покажет себя в работе, покажет время. потом дополню отзыв.",прочее,4.0
"Samsung Смартфон Galaxy S25 FE Ростест (EAC) 8/512 ГБ, белый || быстро пришел. Пломбы не вскрыты. Работает) || визуально отлично,не вскрытый,оригинальный,дальше видно будет.",производительность,8.0
"realme Смартфон Note 60X Ростест (EAC) 3/64 ГБ, зеленый || рекомендую очень хороший ща свои деньги телефон || хароший телефон,купили дочке 7 лет,она довольна",прочее,5.0
"realme Смартфон Русская версия (EAC) realme C71 NFC UNISOC T7250 Chipset Огромная батарея 6300 мАч 6,67"" 120 Гц дисплей Пыле- и влагозащита IP64 45 Вт SUPERVOOC Ростест (EAC) 8/256 ГБ, белый || взяли ребенку, поэтому сразу упаковали в чехол. за свои деньги телефон хороший. заряд держит, игры тянет, все настроили без проблем || Пользователь предпочёл скрыть свои данные",батарея,4.9
"realme Смартфон C75 Ростест (EAC) 8/256 ГБ, красный || Неплохой телефон за свои деньги,жаль что нет 3.5 мм разъёма для наушников,но это моя проблема,нужно было повнимательнее читать информацию о телефоне,а в целом впечатления хорошие || Это уже второй смартфон этого бренда. Первый - master GT честно отработал четыре года. Был заменён из за аккумулятора. Никаких нареканий. Надеюсь этот изготовлен с тем же качеством и прослужит так же долго. Рекомендую.",батарея,4.9
"Samsung Смартфон Galaxy A17 Ростест (EAC) 8/256 ГБ, черный || привезли вовремя. повреждений нет, пломбы не вскрыты. телефон по качеству и функционалу соответствует заявленным. || Отличный телефон для разговора и ютюба. Батарея держится долго короче доволен покупкой",батарея,4.9
"iQOO Смартфон Z10R Ростест (EAC) 8/256 ГБ, черный || Смартфон очень приятно удивил. Нормальный, качественный. В комплекте зарядное устройство на 80 Вт. Заряжается очень быстро. Зарядку держит 4 дня. Ещё в комплекте защитное стекло и чехол (бампер). Заказ пришёл на следующий день, все было качественно упаковано. Отличный телефон за свои деньги. || Брал за 600 BYN на замену Mi 9 lite. Отличный телефон, работает шустро. Чехлы подходят от Vivo v60 lite",производительность,4.9
"Телефон брала зятю.Очень понравился ему,быстро разобрался в нем.Счастливый,как ребенок.В комплекте был чехол.Хороший телефон ,рекомендую.Два месяца назад такой же брала внуку.Работает хорошо,быстро.Хорошая камера.Сейчас очень хорошая цена.Рекомендую. || Взяла мужу в экстренной ситуации, когда его телефон перестал работать, сказал очень класный, весь функционал, который ему нужен на высоте, все устраивает || Телефон понравился! Пришёл уже с защитным стеклом , в комплекте чехол.Так же сим-карта и 3 месяца связи в подарок ! Вот это сервис! Спасибо большое!",камера,4.9
"Honor Смартфон 400 Ростест (EAC) 12/256 ГБ, золотой || В целом приятная модель.
Комплектация: Сам телефон с уже оклеенной защитной глянцевой пленкой, блок зарядки на 120W с проводом Type-C, силиконовый защитный чехол, коробка, ключ для открытия отсека SIM-карт, краткое руководство и гарантийный талон.

Основные плюсы:
1) Размеры - не сильно большой, что позволяет его без проблем носить в любом кармане,... || Пользователь предпочёл скрыть свои данные",прочее,4.9
"брала в подарок. Вполне нормально, за такую цену! || Пользователь предпочёл скрыть свои данные || Покупал Маме. Вместо серебристого приехал черный)) Настройки пока не вылетают, цвета нормальные, шустрый, вроде все нормально. Память как и заявлено - 6 / 128. Поддерживает быструю зарядку. В комплекте сам аппарат, скрепка, шнур зарядки ucb-c / usb-c, без блока.",производительность,4.0
"Poco Смартфон 【Мировая премьера】POCO M7 лобальной версии Snapdragon® 685 Батарея 7000 мАч Экран 6.9"" Чёткая 50МП AI двойная камера NFC 33W быстрая зарядка 18W обратная зарядка EU 8/256 ГБ, черный || Скажу прямо, пришёл раньше на несколько дней, заряд был 65%, всё перекинул со старого росо М4 про без проблем, по ощущениям без вранья скажу так: экран большой, в руке лежит удобно, тоненький корпус, по процессору разницы между 4 про и М7 не ощутил, но экран у М7 шикарный,яркий,поставил обновление до 144Гц просто космос, очень яркий,насыщенный. Динамик... || товар пришел хорошо упакованый,все в целостности и сохранности ) ,доставка была в срок . рекомендую продавца",камера,4.9
"Honor Смартфон HONOR X9d Ростест (EAC) 12/256 ГБ, черный || За свою стоимость лучший смартфон!
Батарея держит прекрасно, даже с учетом активного просмотра видео, пользования приложений и игр.
Приятный, в руке лежит удобно. Хороший экран и звук. || телефон идеально 👌 спасибо продавцу рекомендую 👍 покупкой доволен жене понравился Озон тебе спасибо 🙏🫶",камера,4.9
"Redmi Смартфон Глобальная версия Redmi Note 14 NFC Поддерживает русский язык 8/256 ГБ, черно-серый || Пришло чуток сопозданием но всё хорошо каробка не мятая ещё не проверил сам тел. || Пришел на 3 дня раньше, очень хорошо и надёжно упакован.Все работает.Спасибо всем!",прочее,4.9
"realme Смартфон 15T Ростест (EAC) 8/128 ГБ, темно-серый || в прошлом был realme 10, но даже после него 15t вызвал восторг!! || телефон хороший. брали ребёнку на подарок. наушники не пришли.",прочее,4.6
"Xiaomi Смартфон Redmi 15C Ростест (EAC) 4/128 ГБ, черный || Покупала этот смартфон исключительно для себя и ни капли не пожалела! Искала аппарат, который будет не только хорошо работать, но и радовать внешне. Розовый цвет — это не просто пигмент, это настоящий антистресс! Смотрится очень стильно и не по-детски, поднимает настроение каждый раз, когда беру его в руки.

Как основной телефон для работы и отдыха... || всё отлично. детальнее время покажет. очень красивый внешне!!!) дочке подарили)",прочее,5.0
"Xiaomi Смартфон POCO C85 Ростест (EAC) 6/128 ГБ, зеленый || Телефон за свои деньги - отличный. На играх не греется, не тормозит. 
Бюджетный аналог Xiaomi 12 Pro +.
На первый взгляд особо и не заметна разница. Возможно, для высокоресурсных игр недостатки и будут выявлены. Но в течении месяца использования нареканий нет. А стоимость этого POCO на 20-30 тыс. ниже флагманского Xiaomi. 
Зарядка 33W заряжает не хуже... || телефон соответстаует хаоактерестикам 🔥",производительность,5.0
"Infinix Смартфон Note 50 Pro, Ростест (EAC), 144 кадра в секунду，Быстрая зарядка 90 Вт/30 Вт беспроводное зарядное устройство Ростест (EAC) 12/256 ГБ, фиолетовый || отличный телефон шустрый быстро разобралась зарядка за 20 минут с40 до 100 я довольна покупкой 👍 || очень надеюсь, что смартфон полностью оправдает свои ожидания и будет работать долгие годы, большое спасибо продовцу за качественный продукт и отдельно благодарность Ozon процветания вам и огромных продаж.",производительность,4.9
"Honor Смартфон HONOR X9d Ростест (EAC) 8/256 ГБ, светло-зеленый || За свою стоимость лучший смартфон!
Батарея держит прекрасно, даже с учетом активного просмотра видео, пользования приложений и игр.
Приятный, в руке лежит удобно. Хороший экран и звук. || телефон идеально 👌 спасибо продавцу рекомендую 👍 покупкой доволен жене понравился Озон тебе спасибо 🙏🫶",камера,4.9
"Xiaomi Смартфон Глобальная версия смартфона Xiaomi 14T 5G поддерживает русский язык 12/512 ГБ, черный || Пользователь предпочёл скрыть свои данные || Пришёл запечатанный. Русский язык выбирается. Впечатление хорошее. Посмотрим как будет работать.",прочее,4.9
"Samsung Смартфон Galaxy A36 Global 8/256 ГБ, белый || во первых продавцу СПАСИБО БОЛЬШОЕ. товар отлично упакован, доставлен в срок и выглядит как должен БЕЗУПРЕЧНО НОВЫЙ. разница в цене с эльдорадо ( ради интереса заходил посмотреть) в 10 000 тыс руб. не в пользу эльдорадо. КАК ВАМ. сам телефон выбрал бюджетник не из жадности а просто более дорогие и уж тем более ФЛАГМАНЫ для меня избыточны по функционалу... || Отличный телефон. Пришёл в срок, хорошо запакованный, работает шустро",производительность,5.0
"Redmagic Смартфон 11 Pro, Глобальная версия, Snapdragon 8 Elite Gen 5 -4.6G hz, Игровой телефон, аккумулятор 7500 мАч, беспроводная зарядка 80 Вт. Global 16/512 ГБ, темно-серый || За телефон рассказали другие покупатели, топ. Но есть вопрос, кто нибудь заходил в настройки о телефоне, это только у меня отображается процессор 8 elite gen2?, в антуту пишет ген5, и набирает свыше 4 лямов || шустрый, камера обычная, но есть много режимов, фронтальная ужасная, но это и не телефон для съёмок, функций много и разнообразности, восторг от некоторых вещей, как у ребёнка. для игр самое оно",камера,4.9
"iQOO Смартфон Z10 Lite Ростест (EAC) 8/128 ГБ, белый || Пользователь предпочёл скрыть свои данные || Отличный телефон за такой ценник. Комплектный чехол с усиленными углами и выступом для камеры. Камера вполне себе нормальная. МоЛ играет без тормозов. Доставка быстрая, рустор установлен из коробки.",камера,4.9
"ULEFONE Смартфон Armor 21 Андроид 15 Защищенный Cмартфон Global 8/256 ГБ || давно хотел этот телефон но была другая модель этого же бренда и не как не ломалась даже машиной наезжало и выжил.но теперь о телефоне . Заряд держит 3 дня при прослушивании музыки, при играх 2 дня, в ожидании 4-5дней. Динамик да громкий ,громче любого обычного на порядок но на максимум небольшие хрипы у басов. Памяти полно и шустрый . Камера хорошая... || хороший увесистый телефон, собран качественно, материалы на вид отличные. виброотзыв приятный. камера и звук вполне хороши за эти деньги. должен хорошо послужить в рабочих условиях. Возможность зарядки без штекера в док станции отлично работает, снимает необходимость заряжать через штекер type-c, что на таких защитных телефонах не всегда удобно. Если...",камера,4.9
"Honor Смартфон 400 Ростест (EAC) 12/256 ГБ, золотой || классный аппарат, пользуюсь давно брендом honor , из года в год держат марку , отсутствие навязчивой рекламы , качество сборки, эргономика, яркий экран, производительность вообще на высоте. богатая комплектация. те кто разбираются в железе, оценят по достоинству, однозначно рекомендую! || Отличный телефон, до этого был Honor i30, конечно разница огромная,очень шустрый, качество видео и фото отличное, много фишек. За 29 тыс. лучше не нашёл телефона. 
Из минусов Ai оживление фото стало платно, 3 раза бесплатно, а дальше плати, раньше судя по обзорам было бесплатно. Надеюсь всё таки сделают снова бесплатно. 
Также думал что батарея будет...",камера,4.9
"Poco Смартфон Poco X7 Pro Смартфон NFC с диагональю экрана 8400-Ultra 6,67 "" AMOLED-дисплеем с разрешением 1,5K Flow емкостью 6000 мАч EU 12/256 ГБ, черно-серый || Стоит каждый свой рубль. Нету не одного смартфона, который хоть чуть-чуть приблизился бы к этой модели по характеристикам, комплекту и т.д.
Не без минусов естественно. Скорее все эти минусы в настройках телефона. Из-за того что не все работает как нужно, все нужно настраивать и много что отключать, чтобы телефон был автономный.
У меня полные 120 герц... || Коробка пришла немного помятая. Одна секция упаковки была пробита (на фото). Телефон пришел целым, работает отлично. Доступной памяти 477Gb, вместо 512Gb по данным память зарезервирована системой, но на мой взгляд 35Gb это уж слишком много.",камера,4.9
"Телефон брала зятю.Очень понравился ему,быстро разобрался в нем.Счастливый,как ребенок.В комплекте был чехол.Хороший телефон ,рекомендую.Два месяца назад такой же брала внуку.Работает хорошо,быстро.Хорошая камера.Сейчас очень хорошая цена.Рекомендую. || Взяла мужу в экстренной ситуации, когда его телефон перестал работать, сказал очень класный, весь функционал, который ему нужен на высоте, все устраивает || Телефон понравился! Пришёл уже с защитным стеклом , в комплекте чехол.Так же сим-карта и 3 месяца связи в подарок ! Вот это сервис! Спасибо большое!",камера,4.9
"Poco Смартфон POCO F7 Snapdragon® 8s поколения 4 от массивным AMOLED-дисплеем емкостью 6500 мАч диагональю 6,83 дюйма, разрешением 1,5 Кбит/с и частотой 120 Гц EU 12/256 ГБ, черный || Доставка от дня заказа три недели. Смартфон упакован был отлично. Всё цело, комплектация полная согласно карточке товара.
Сразу прошло обновление. Весь Рабочий стол перенесла со старого смартфона на новый. Работает очень быстро. Сначала немного напрягло то, что невозможно теперь подключить проводные наушники, но за вечер привыкла к беспроводным. Камера... || Общие впечатления хорошие. Ребятки смотрите реальные характеристики на фото. Прошу обратить внимание, это версия Android 15, а не 16 как указано в характеристике здесь на озоне. Что меня еще смутило, это нет холодного оттенка цветов. Даже настраивая максимально холодный оттенок не дает эффекта чито белого цвета. Возможно эта проблема из за заводской...",камера,5.0
"Apple Смартфон iPhone 17 Pro (SIM+eSIM) - ГЛОБАЛЬНАЯ ВЕРСИЯ - Global 12/256 ГБ, серебристый, серый металлик || Очень классный телефон, пришел хорошо упакован, все как заказывала, с физической сим-картой и eSIM, 17 PRO, переходила с 15PRO, разницы особой не вижу, но внешне мне очень нравится, продавец все время был на связи, товар оригинальный, продавца рекомендую👍🏻 || Приветствую всех кто читает мой отзыв🙋🏻♂️ И так… начнём….
Следил за продавцом давно, товар имеет качество однозначно! Периодически отслеживал отзывы людей…. 5 звезд у всех… подталкивает на доверие и покупку! Появился iPhoneчик в продаже… отлично… начинаем мониторить цену😅 
Поймал удобную для себя цену, заказал! Тел приобретал на подарок супруге…...",прочее,4.9
"VEDYARTI Смартфон I15 Pro Max Ростест (EAC) 8/256 ГБ, белый || заказал золотой пришло х кокой.и нету наушников.хотя в комплекте они должны быть проводные.продовец компицацию зделал.огромное спасибо. || всё супер,полностью соответствует описанию, дочка довольна счастлива мама🤣😁😊рекомендую всем 👍",прочее,4.4
"Apple Смартфон iPhone 16 - SIM+eSIM (новый, не активирован, Face Time работает, eSIM поддерживается) - Global 256 ГБ, розовый || >Плюсы:
Смартфон действительно ощущается быстрым и шустрым. Новый чип A18 даёт запас мощности: всё работает плавно, нет лагов ни в повседневных задачах, ни в более тяжёлых — играх, монтаже, переключениях между приложениями. 
Камера даёт хорошие фото — особенно при нормальном свете. Основной 48 МП модуль справляется красиво, можно снимать удачные кадры... || Пользователь предпочёл скрыть свои данные",камера,5.0
"Купила POCO C71 для ребёнка — искала недорогой, но нормальный смартфон, чтобы не тормозил, держал заряд и не развалился за месяц. По цене около 5 тысяч рублей — это, конечно, не iPhone, но за такую сумму — очень и очень достойно.

Что понравилось:
Быстродействие — удивило. Ребёнок играет в «Майнкрафт» — всё плавно, без лагов.
Экран — большой, чёткий... || Отличный телефон, брали ребенку, остались очень довольны. В комплекте зарядное устройство и чехол, что очень порадовало. Понятно что телефон не дорогой и каких-то особенностей от него ждать не стоит, но для своих денег он очень шустрый, качество изображения и производительность на высоте👍🏻 в общем рекомендую 👍🏻 || отличный за свои деньги, удобно держать в руке, брали для работы, необходимый минимум есть, кое-что доустановить без проблем. цвет немного серебро, кому важно.",экран,4.9
"Tecno Смартфон POVA 7 Pro 5G Ростест (EAC) 8/256 ГБ, черный || отличный телефон ,пришёл быстро, в заявленый срок, до Иркутска за 5 дней ,производительность просто бомба, текно-это цена качество, в семье уже 6 телефон текно, так же наушники тоже текно || стильный смартфон, легкий и удобно держать в руке. Выбирал сын себе для игр, купила в подарок. качество фото очень хорошее, звук отличный.",камера,4.9
"Tecno Смартфон SPARK 40 Pro Ростест (EAC) 8/256 ГБ, зеленый || очень хороший телефон! шустрый легкий тонкий || открыл,включил,всё работает,дальше будет видно...",прочее,4.9
"Xiaomi Смартфон Xiaomi Redmi A3x Ростест (EAC) 3/64 ГБ, зеленый || хороший телефон, всё работает, СПАСИБО ОГРОМНОЕ, 
Товар в норме, товаром очень довольны. || немного задержали! а так все целое включил в раз работает! посмотрим как будет дальше?",прочее,4.9
"Смартфон Vivo Y29 8/256GB White, Ледяное озеро Ростест (EAC) 8/256 ГБ, белый || Спасибо. Дизайн, цвет, экран цвета яркие, легкий и уже работает, включился легко. Исключительно понравился, он имеет средний, хороший функциональный для пользования приоритет, не дорого по цене, зато всё есть и память в нём нормально, и батарея обьем, нет только 5 G, но я ещё не до конца изучила. Благодарю за всё. Покупкой осталась довольна. || телефон покупали пенсионеру взамен старого. все работает, замечаний нет",батарея,4.9
"Infinix Смартфон Note 50 pro Ростест (EAC) 12/256 ГБ, черный || пока все хорошо, 👍 , позже добавлю отзыв, только два дня как получил || упаковка заводская, цена ниже чем в Китае, всё работает как надо",прочее,5.0
"HAGASS Смартфон XS11 Global 1/8 ГБ, черный || 4 звезды ставлю только потому, что телефон пришёл быстро, но, к сожалению, он не работает, не включается. так же на нем имеются царапины. под плёнкой имеется грязь. телефон получила сегодня перед работой пришла на работу и сразу записала видео. крайне разочарована, потому что смотрела отзывы, и их было очень много положительных.оформила возврат. пока... || не думала , что такой маленький телефон будет так хорошо работать, удобный, компактный, громкий, все устраивает",камера,4.2
"Xiaomi Смартфон Redmi 15 Ростест (EAC) 8/256 ГБ, серый || Телефон понравился, зарядка быстрая 35 W, что очень важно. Ёмкость аккумулятора 7000мАч, будет долго держать заряд. Камеры неплохие. Пришёл достаточно быстро, хорошо упакован, всё аккуратно. || всей семьёй пользуемся телефонами xiaomi redmi. в этот раз обновили телефон дочери данной моделью редми 13. камера хорошая, яркие чёткие фотографии, яркий экран, легкий по весу (некоторые модели тяжёлые). в комплекте есть чехол силиконовый, зарядка быстрая, и наклеена транспортировочная пленка. все быстро настроили. пришёл в срок.",камера,4.9
"Nothing Смартфон Phone(3a) Pro 5G глобальная версия, поддержка русского языка, Google, NFC Global 12/256 ГБ, светло-серый, серый || отлично упаковали в плотную пурырку не одного повреждения на коробке , шло достаточно долго , телефон отличный русский язык есть , || Пользователь предпочёл скрыть свои данные",прочее,5.0
"Poco Смартфон X7 Pro Ростест (EAC) 12/512 ГБ, черный || Пользователь предпочёл скрыть свои данные || Я в полном восторге. Очень понравился дизайн, к тому же он удобный, шустрый, приложения просто летают и обьем памяти 512 для меня то, что надо. До конца еще не все фишки испробовала, но уже с уверенностью могу сказать, что он просто бомба. Берите не пожалеете. Предыдущий был Poco x3 pro, поэтому мой выбор именно Poco. Цвет зелёный, нежный, очень красивый...",прочее,4.9
"Poco Смартфон Poco X7 Pro Смартфон NFC с диагональю экрана 8400-Ultra 6,67 "" AMOLED-дисплеем с разрешением 1,5K Flow емкостью 6000 мАч EU 8/256 ГБ, зеленый || Краткая предыстория. Почти 2 года пользовался POCO X3 PRO, для моих потребностей хватало вполне (интернет, мессенджеры, изредка игры). Ближайшее время менять не планировал, хотя обычно раз в год менял телефон, для небольшого разнообразия. Однако, подвел акум телефона, стандартно разряжался до 20%, а потом заряд таял просто поминутно, даже при полном... || Доставка до пункта выдачи в Москве 11 дней. Упаковка без следов вскрытия, телефон доставлен без повреждений. Качество изготовления отличное, настраивается легко особенно если вы уже ранее пользовались телефонами от xiaomi. Характеристики соответствуют описанию, работает шустро. Для базовых задач интернет, музыка, фильмы, онлайн сервисы, магазины данной...",экран,4.9
"realme Смартфон 14 5G,NFC,AI Камера 50 Мп с OIS,Snapdragon® 6 Gen 4 5G,Сверхъемкая батарея 6000 мАч Быстрая зарядка 45 Вт Ростест (EAC) 8/256 ГБ, серебристый || Телефон шустрый, взял первый себе, попробовал, отлично работает, этот взял в подарок жене. Цена по акции 17000 рублей, супер. Зарядку держит сутки. Рекомендую! || Телефон пришёл раньше срока. Все в комплекте. Телефон работает. Всё хорошо, будем изучать.",камера,4.9
"Honor Смартфон HONOR x7d Ростест (EAC) 6/128 ГБ, золотой || У мужа как и у меня был старенький honor 8x и пришло купить замену. Муж не любитель дорогих моделей, хотел даже что то подешевле, но уговорила. Батарея нормальная, при обычном использование хватает на пару суток, при интенсивном на сутки. Фото и видео сделаны со смартфона этой же модели, видео делалось ночью. Динамики громкие везде. Я себе рассматривала... || Отличный телефон, заказали для мамы. Всю семью подсадили на Хонор. 
Камера хорошая, заряда хватает надолго. Пользуемся месяц, полет нормальный 👍 не тормозит 
Единственное кнопка слева иногда достаёт, вызывает ассистента. случайно нажимается частенько",камера,4.9
"Samsung Смартфон Galaxy S25 12/128 ГБ, серый, серебристый || оригинал, доставка день в день. Самсунг есть самсунг качество. || Смартфон оригинал, пломбы все на месте, мой пришел казахский.Все обновления и тд. без проблем установились. Продавца рекомендую. получилось сэкономить около 6т пошлины. пробег около недели, все летает, не греется, глюков нет. можно брать, продавцу большое спасибо!",прочее,4.9
"Meizu Смартфон Lucky 08 Global 12/256 ГБ, белый || Пользователь предпочёл скрыть свои данные || Крепкая рабочая лошадка. Брала за 13000 рублей. Андроид 14, русский язык есть, камера снимает довольно хорошо. Приложений лишних не установлено. Хороший аппарат, без ""вау"" эффектов.",камера,5.0
"радует ёмкость аккумулятора и заявленные 120гц частоты обновления экрана. По всем заявленным параметрам соответствует, но не ожидайте плавный экспириенс как у айфона || Брала телефон ребенку исходя из характеристик, не глядя на внешний вид. Реальный телефон меня очень приятно удивил. Оказывается, оболочка программ сделан типа как на айфоне. Нет этих бесячих трех кнопок внизу экрана, а переключение вкладок происходит их приподниманием снизу. Супер! Снимочки очень посредственные, конечно, но и цена оправдывает. Глюков... || Хороший большой яркий экран, качество связи. Достаточно тонкий и не очень скользкий. Сканер отпечатков сбоку, срабатывает отлично.",батарея,4.9
"realme Смартфон realme 15 Pro 5G NFC Ростест (EAC) версия Snapdragon 7 Gen 4 50Мп OIS Тройная основная камера Емкая батарея 7000 мАч Быстрая зарядка 80Вт 6,8 дюйма 144Гц AMOLED Экран Лучшая водозащита IP69 Ростест (EAC) 12/512 ГБ, зеленый || отличный смартфон, имеет стабилизацию и класно снимает, покупал смотря видеообзор и не жалею что приобрёл такую бомбу || все ок, коробка целая, телефон в порядке",камера,4.9
"iQOO Смартфон Z10 Lite Ростест (EAC) 8/128 ГБ, зеленый || Пользователь предпочёл скрыть свои данные || Отличный телефон за такой ценник. Комплектный чехол с усиленными углами и выступом для камеры. Камера вполне себе нормальная. МоЛ играет без тормозов. Доставка быстрая, рустор установлен из коробки.",камера,4.9
"Samsung Смартфон Galaxy A55 Global 8/128 ГБ, темно-синий || Всех приветствую 😊
Хочу от всей души поблагодарить продавца за такую быструю, четкую доставку 👍🔥 
Что касается устройства:
1. Смартфон оригинальный.
2. Пришёл в том цвете и с той памятью, что заказывала.
3. Телефон полностью рабочий! 👌
Что насторожило:
Действительно, одна пломба на коробочке была вскрыта; на корпусе нет оригинальных боковых пленок;... || Смартфон класс самсунг а55 вообще обновился до 16 андроида мне нравится",производительность,4.9
"OPPO Смартфон A5i Pro Ростест (EAC) 8/128 ГБ, фиолетовый || Пользуюсь месяц. За свои деньги очень даже хороший телефон. Звук хороший, грузит быстро. Качество фото стандартное. Без излишков. Всё нужное есть. Упаковка в коробке и плёнке, что гарантирует что новое. 
В комплекте шло ещё стекло уже наклееное и чехол матовый. || Всё работает, за эти деньги просто пушка, не так жалко для работы Второй телефон. Всё в комплекте!!!",камера,4.9
"realme Смартфон 15 Ростест (EAC) 12/256 ГБ, черный || Достойный смартфон за свои деньги! Порадовал AMOLED‑дисплей с частотой 144 Гц: картинка плавная и яркая, даже на солнце всё хорошо видно. Камера на 50 Мп делает чёткие снимки при любом освещении, особенно удаются портреты. Аккумулятор на 7000 мА·ч — просто монстр: хватает на день‑два активной работы, а зарядка на 80 Вт наполняет батарею за час. Производительность... || Телефон дочери очень понравился, симпатичный.",камера,4.7
"купила в подарок ребенку ,надеюсь понравится ,и не подведут продавцы с товаром ,не распаковывала ,надеюсь все целое и рабочий ,а не игрушка 😂быстро доставили спасибо || Я не могла оценить телефон. Настроить не смогла. Пишет какие то ошибки. На звонки только пойдёт. А интернет это не для него || маленький удобный 3 программы скачал работают все связь хорошая советую",производительность,4.9
"Google Смартфон Google Pixel 9 5G NFC Google Tensor G4 6,3 ""120 Гц светодиодный полноэкранный дисплей 50-мегапиксельная камера заднего вида Батарея емкостью 4700 мАч 12/128 ГБ, черный || Шикарный телефончик, невероятно шустрый, очень приятная операционка, выглядит просто бомбически, правда без чехольчика задняя панель ляпается. Зарядка к сожалению не 60 ватт, но аккума хватает за глаза, к концу дня иногда 60% оставалось. В целом очень доволен || Отличный телефон. Пришел не сразу - по времени ждал почти 3 недели. Пришёл в хорошем состоянии, хорошо упакован. В комплекте идёт провод для зарядки",камера,4.9
